date,h_1,h_3,h_12
1960-07-01,0.616698905625028,0.742133605592162,0.868791838032063
1960-08-01,0.625084792445365,0.748498961872937,0.871245946060547
1960-09-01,0.631997696237224,0.754509903625012,0.875484719288282
1960-10-01,0.641637357695561,0.763189494009846,0.880424117017821
1960-11-01,0.667246836331188,0.78069917097971,0.888269946508288
1960-12-01,0.680052002527652,0.792418527629178,0.89620193604235
1961-01-01,0.669169441205497,0.790656425368903,0.90013377148088
1961-02-01,0.665877126094805,0.789979674281759,0.902822347970369
1961-03-01,0.665966671444505,0.788261457598822,0.900866479500919
1961-04-01,0.670743765228274,0.786843718906377,0.895952033980398
1961-05-01,0.655599484172123,0.776388434984279,0.89196252395228
1961-06-01,0.646230075798979,0.770027684092967,0.888732999706625
1961-07-01,0.631218363434693,0.760552423693933,0.885436785229688
1961-08-01,0.623528991086786,0.754456993064885,0.882494797730046
1961-09-01,0.62457555617462,0.751602815626881,0.877394316108559
1961-10-01,0.624351088153727,0.74816610612817,0.872389249436153
1961-11-01,0.617683311499632,0.74146212557699,0.86651775214832
1961-12-01,0.606354254450395,0.73459515730994,0.862692477088198
1962-01-01,0.610410580605659,0.737555710656791,0.862116944702397
1962-02-01,0.606418872238209,0.736183205119451,0.859961452582019
1962-03-01,0.596171729826235,0.728217714184555,0.855851394577064
1962-04-01,0.597286753851237,0.727705701640643,0.85275731234016
1962-05-01,0.595935631124707,0.725337012885988,0.850587142298122
1962-06-01,0.591062397697813,0.720955117240839,0.847157922466429
1962-07-01,0.582465900617237,0.711220311142979,0.841718004005675
1962-08-01,0.572651501224402,0.701848058766754,0.835060745323492
1962-09-01,0.567965314669093,0.696781857780141,0.829359364482548
1962-10-01,0.564885944120966,0.69196999154068,0.824268625057693
1962-11-01,0.565520697495112,0.689035412285829,0.818888851521491
1962-12-01,0.563157683458556,0.684352436206325,0.813827838810493
1963-01-01,0.56273615120042,0.680311472315462,0.809729437039895
1963-02-01,0.555346750482033,0.67237217545886,0.805481275407927
1963-03-01,0.545627612756807,0.66589386515381,0.803395188619165
1963-04-01,0.550861111127311,0.669444886568219,0.804734901382901
1963-05-01,0.54973797186219,0.66822591057074,0.804509665477104
1963-06-01,0.545299895744551,0.665992523109889,0.804569816559715
1963-07-01,0.542874845764035,0.664381896886451,0.80537150848574
1963-08-01,0.54496106454947,0.667816893647604,0.807900212214967
1963-09-01,0.545022860711655,0.668975460791958,0.80834640305026
1963-10-01,0.541198762773607,0.666694514481608,0.807596174126446
1963-11-01,0.544729687466599,0.670159166220743,0.808752246576165
1963-12-01,0.553208993073271,0.674571492735726,0.809111570582309
1964-01-01,0.560068629167626,0.677363991275223,0.809391083869795
1964-02-01,0.553664181883637,0.672273174844723,0.807824485791666
1964-03-01,0.54770134322071,0.665825521803918,0.805875041991957
1964-04-01,0.556239403459519,0.66950900702501,0.806959488406942
1964-05-01,0.543218565749369,0.663101814041921,0.807115382926893
1964-06-01,0.541515790886596,0.664995439539069,0.810809902203793
1964-07-01,0.548221644178611,0.673386384917801,0.817866641555681
1964-08-01,0.563400573798373,0.687384037304857,0.825464049959319
1964-09-01,0.589334792276337,0.710038133086395,0.836163785651005
1964-10-01,0.63055963967932,0.741982091523511,0.849317250814703
1964-11-01,0.644056243940205,0.754468424994389,0.85621782736527
1964-12-01,0.619513787298536,0.736078395943511,0.847934455262985
1965-01-01,0.595087726879039,0.716691247162537,0.838126731742744
1965-02-01,0.575672205470073,0.702106034589802,0.83098686063248
1965-03-01,0.564446241336872,0.692510873602475,0.825761883175814
1965-04-01,0.56097476260706,0.68872081775453,0.822379745317999
1965-05-01,0.554427415714101,0.683546984795076,0.819601099843697
1965-06-01,0.555790822283514,0.685841665967457,0.820353760132888
1965-07-01,0.560798650714824,0.688679949849629,0.821275369010304
1965-08-01,0.558632899015294,0.684219976615254,0.819064734946384
1965-09-01,0.5690369468738,0.687370358188386,0.819315586378105
1965-10-01,0.56464265073628,0.685037274349338,0.819327560470812
1965-11-01,0.562618318653589,0.685987453002732,0.821493034038618
1965-12-01,0.572797960206069,0.696151603794022,0.827792850268846
1966-01-01,0.575507685821413,0.700566755901669,0.830560613402643
1966-02-01,0.581374363476879,0.707916825206349,0.836226573851286
1966-03-01,0.58917112994964,0.715372870868745,0.841841190620286
1966-04-01,0.599871105997184,0.723860916265873,0.845942076248713
1966-05-01,0.606879741459134,0.730228633928717,0.849716467154
1966-06-01,0.601619104317049,0.727998040497758,0.851258084881207
1966-07-01,0.602156090107973,0.728721999837269,0.852518418046723
1966-08-01,0.607786478464767,0.733187932486354,0.855782229788665
1966-09-01,0.612711946016409,0.737230518121898,0.859825563747698
1966-10-01,0.611138310233546,0.734989259502906,0.859277688852744
1966-11-01,0.615081486437073,0.738371073682925,0.861128502394607
1966-12-01,0.616826163781734,0.741401336762748,0.863804583300058
1967-01-01,0.623907672185547,0.747570124648814,0.866899286981849
1967-02-01,0.62502589440651,0.747597897045339,0.868519973040995
1967-03-01,0.616382628349918,0.739870860683508,0.865609687923383
1967-04-01,0.61645002098468,0.737948121208239,0.86372251093544
1967-05-01,0.614557283222222,0.737361322331063,0.864561912749878
1967-06-01,0.614591237140808,0.741683285100187,0.869118679714351
1967-07-01,0.620765441937647,0.747902712309754,0.875029686076139
1967-08-01,0.631439222104013,0.754463666526676,0.877264746383006
1967-09-01,0.627504121899577,0.754038025969112,0.878175701365818
1967-10-01,0.630431305386262,0.757229710366901,0.881174860503142
1967-11-01,0.648123197361549,0.771949153561956,0.888341845724073
1967-12-01,0.655008858889458,0.777823685967185,0.890535573851162
1968-01-01,0.668500939366469,0.787105059596505,0.891342814634708
1968-02-01,0.64619971051312,0.77132279668846,0.884170522547204
1968-03-01,0.627678188128627,0.755234437091764,0.877595690345902
1968-04-01,0.628916745731492,0.753583878510495,0.875049371316251
1968-05-01,0.619199508716788,0.743113368729479,0.868371275561958
1968-06-01,0.609827067116001,0.736694897387614,0.864775218575891
1968-07-01,0.600696534538469,0.728340572261153,0.860136013685151
1968-08-01,0.599080265405928,0.726054996343148,0.858215715947358
1968-09-01,0.594930400786895,0.72369599741478,0.857162747039013
1968-10-01,0.602126547312115,0.72717477227142,0.858461835684953
1968-11-01,0.608058251218525,0.732921057713533,0.862598864000947
1968-12-01,0.6072185386851,0.736869600889981,0.867253331980707
1969-01-01,0.60779833351901,0.740270229246076,0.871029034351099
1969-02-01,0.614270423148752,0.748175806813623,0.878070162788066
1969-03-01,0.61865914228589,0.755124071561297,0.88684381945962
1969-04-01,0.627922177287411,0.765968394782672,0.897865532887198
1969-05-01,0.638305874573141,0.777771359452143,0.908427790634217
1969-06-01,0.641690686062844,0.781126653655763,0.90952843401094
1969-07-01,0.640840754330363,0.779942555161781,0.908938830465788
1969-08-01,0.638995445718474,0.778076160398341,0.909530879159352
1969-09-01,0.639240624965124,0.776714846490163,0.908753382586419
1969-10-01,0.640259347022737,0.777418615505059,0.908445457464767
1969-11-01,0.653727911739666,0.785591372417683,0.911240641992115
1969-12-01,0.660515804282388,0.794041294398004,0.91721158158831
1970-01-01,0.684949383998007,0.815156557987606,0.926742160734421
1970-02-01,0.681206854451002,0.818541130135708,0.930745495646905
1970-03-01,0.682144725240919,0.821302100035282,0.933655534887925
1970-04-01,0.6899414311503,0.827039212624491,0.934289349117582
1970-05-01,0.686621407699726,0.825763210461646,0.932636705699605
1970-06-01,0.676659089991749,0.816179407902492,0.926552259085396
1970-07-01,0.676413002294316,0.815135684690604,0.925116132750099
1970-08-01,0.683473358784622,0.81842371325921,0.925292072375432
1970-09-01,0.695920159612849,0.825045576711149,0.925618113743456
1970-10-01,0.722197121836398,0.844143158623417,0.931471578265801
1970-11-01,0.721441458103348,0.845202154269208,0.933651640609333
1970-12-01,0.741911551094111,0.858710197777242,0.940146192977133
1971-01-01,0.706345575571293,0.832454004146707,0.929567993132205
1971-02-01,0.672817799089742,0.806741722049526,0.919928562999428
1971-03-01,0.646203680891759,0.784167430147874,0.910368026916882
1971-04-01,0.634520228655544,0.773242294555418,0.905097105975031
1971-05-01,0.633756908959537,0.768632401743703,0.900307012720337
1971-06-01,0.643250201901804,0.770461465569585,0.897581313638802
1971-07-01,0.651200050442144,0.773682425030307,0.897078430053967
1971-08-01,0.647565426637202,0.771650343787457,0.897082428239613
1971-09-01,0.643925653866073,0.771843683847221,0.898561943928775
1971-10-01,0.634474214549856,0.766576365597109,0.896135749379191
1971-11-01,0.634994266322556,0.76830409403405,0.896517355787597
1971-12-01,0.650342378131469,0.781004442935556,0.902029626398925
1972-01-01,0.65862384727934,0.784584727936599,0.9014843845501
1972-02-01,0.634456084965044,0.766398809478994,0.892485548174322
1972-03-01,0.616502597188743,0.751165033245682,0.885514800850587
1972-04-01,0.606872975711534,0.7402652329366,0.87916811169985
1972-05-01,0.604557276482083,0.739173159695788,0.878412509132
1972-06-01,0.610883675396136,0.745993308239903,0.881804882687996
1972-07-01,0.627434342315761,0.760305181644674,0.88898107893266
1972-08-01,0.637676217770678,0.769481916073927,0.894914877055361
1972-09-01,0.639242718283014,0.772449933672657,0.898006661198553
1972-10-01,0.655262207466323,0.783515352016681,0.902273707566186
1972-11-01,0.65705402826556,0.788660423752253,0.905988755457616
1972-12-01,0.66451610235757,0.798633561896513,0.913430650136358
1973-01-01,0.677566621006934,0.813677293931766,0.92403318414498
1973-02-01,0.688339835041408,0.829238650109614,0.937645526084095
1973-03-01,0.688852532943115,0.835762414578646,0.946742697174076
1973-04-01,0.693162164999546,0.843300896910438,0.956558310449834
1973-05-01,0.698628911239336,0.855403123695598,0.969497489362055
1973-06-01,0.721535755186578,0.881137409942042,0.986982643590845
1973-07-01,0.762398421983528,0.925274334771448,1.01309732114066
1973-08-01,0.794670927918636,0.955455159680534,1.02880643733763
1973-09-01,0.798521921591118,0.958439834106707,1.03172267376896
1973-10-01,0.79985881977258,0.953977850534093,1.03101859550745
1973-11-01,0.791271290937851,0.94582165558313,1.02872132268953
1973-12-01,0.793212594716037,0.943465046378563,1.02815538159079
1974-01-01,0.799722651748539,0.944092781091226,1.02720865656654
1974-02-01,0.790246357429119,0.937872601311581,1.02675448556615
1974-03-01,0.788361304254675,0.937731749144718,1.02772636067465
1974-04-01,0.797261446781957,0.944244711382387,1.03036542447473
1974-05-01,0.790682843382362,0.944877942030928,1.03324333520407
1974-06-01,0.788756930564111,0.948902337165795,1.03935339828069
1974-07-01,0.801109209539999,0.960989579935259,1.04698562353592
1974-08-01,0.818025987806484,0.972502993536164,1.05054034811259
1974-09-01,0.824328053348006,0.976581466484382,1.04889383623855
1974-10-01,0.834076066860935,0.982673523283395,1.04888054645366
1974-11-01,0.862050030928163,1.00124065244761,1.05022981611965
1974-12-01,0.874039175405944,1.00701735171799,1.0470985510005
1975-01-01,0.840840852483671,0.980709992988485,1.0334496869388
1975-02-01,0.8158750454387,0.955422626343464,1.01782371377996
1975-03-01,0.793139700558849,0.93424625074516,1.00677019160775
1975-04-01,0.780365424068192,0.917240464443246,0.996165915865609
1975-05-01,0.772338441413391,0.902568816944319,0.983493462655937
1975-06-01,0.772051140464813,0.892472412296598,0.97271613873395
1975-07-01,0.761816329997148,0.881411275214413,0.964872155165544
1975-08-01,0.728261711579677,0.855246942598373,0.950826970035291
1975-09-01,0.700187221421226,0.830503088184484,0.937712868077163
1975-10-01,0.677956389567084,0.812190394800832,0.928819426676625
1975-11-01,0.66409892473061,0.799938162036278,0.922916609590102
1975-12-01,0.67092747072852,0.801641829354187,0.921004962947193
1976-01-01,0.67573872339125,0.804518208407568,0.921203461461279
1976-02-01,0.659253820118592,0.78884127797571,0.91247594705403
1976-03-01,0.644481361473337,0.774326823659045,0.904566455467746
1976-04-01,0.638451329890547,0.76706901826223,0.898778599235502
1976-05-01,0.63315377712852,0.761667119817561,0.894199231461803
1976-06-01,0.621673224231166,0.75110861112445,0.887770444590636
1976-07-01,0.61155275047172,0.741402538375278,0.882931067554401
1976-08-01,0.61282974275482,0.740715617247653,0.881539020929231
1976-09-01,0.621866788499847,0.747557779381613,0.885003045391697
1976-10-01,0.632632303927734,0.758030138593266,0.888570758778333
1976-11-01,0.641625781333542,0.76320999598714,0.889180641752405
1976-12-01,0.643007692372589,0.765329663058505,0.889532509219718
1977-01-01,0.645158965096095,0.766122257807145,0.889440093975962
1977-02-01,0.642191402513793,0.764250790680297,0.888102893340832
1977-03-01,0.626470766210693,0.750685633602374,0.882112445209745
1977-04-01,0.601806901849068,0.731334009002011,0.873931668070627
1977-05-01,0.593473504101203,0.723960148126978,0.871495367361074
1977-06-01,0.587844098389974,0.718133497121216,0.868353692654788
1977-07-01,0.58740479376484,0.716830495651983,0.867765497605428
1977-08-01,0.587459117871167,0.717695776693361,0.869632291023269
1977-09-01,0.596780482711324,0.724034980637379,0.870891660278099
1977-10-01,0.608463983932071,0.734685302578977,0.875092504761744
1977-11-01,0.617689304220848,0.742890903528249,0.879012537522759
1977-12-01,0.641602271111171,0.761385303258017,0.886611158029072
1978-01-01,0.6717210580508,0.785365814746373,0.898726083123214
1978-02-01,0.662942316839965,0.784014003285056,0.902075945581941
1978-03-01,0.664141592207594,0.786266353687409,0.904866846267236
1978-04-01,0.653836691284445,0.781956568707946,0.906714159970097
1978-05-01,0.635135243217983,0.771826087774107,0.906641069151206
1978-06-01,0.626149002346987,0.765619442320387,0.906884434671522
1978-07-01,0.626896247859236,0.768326014882332,0.910719123394998
1978-08-01,0.623286791820345,0.768418666058234,0.913928423973163
1978-09-01,0.626426265556468,0.772515529342693,0.91797891289976
1978-10-01,0.632101349446317,0.78061024461667,0.923888552647838
1978-11-01,0.642336089209497,0.789471615863369,0.93088441708741
1978-12-01,0.648102504793765,0.793844662431867,0.933192735602449
1979-01-01,0.667464892816715,0.809334878393648,0.940760847972884
1979-02-01,0.680678820944759,0.821619449298781,0.948685493585818
1979-03-01,0.700877647392925,0.838382751238594,0.959746364971392
1979-04-01,0.743361431638327,0.866599693825241,0.974601831111683
1979-05-01,0.739494233076004,0.871115806858008,0.985058197317796
1979-06-01,0.727668372824791,0.868254401005749,0.99087934038802
1979-07-01,0.734458988105742,0.876635444513358,1.00025660245412
1979-08-01,0.751251465952118,0.894498901617162,1.01506850891121
1979-09-01,0.762798811900553,0.912604646936939,1.03365094396688
1979-10-01,0.777221134821421,0.936421536574855,1.05592098861731
1979-11-01,0.790016385621498,0.954880343737913,1.07253809872996
1979-12-01,0.80709579376863,0.976928202178635,1.0901075673551
1980-01-01,0.848463876815198,1.01730546665055,1.1130767552961
1980-02-01,0.89677607987318,1.06626197647267,1.14336432833469
1980-03-01,0.95198065067452,1.11867144280114,1.17441021104603
1980-04-01,1.00478706583408,1.17211283562577,1.20530923823645
1980-05-01,0.993775183778026,1.16817932340481,1.20786995254784
1980-06-01,0.96036920559085,1.13685500336759,1.18926986056123
1980-07-01,0.948057328652181,1.11923254913003,1.17671306700593
1980-08-01,0.933530079519669,1.10324656168496,1.16818196223586
1980-09-01,0.910942590421007,1.07948663328788,1.15562184848024
1980-10-01,0.896149901514706,1.06485703412304,1.14913265212686
1980-11-01,0.884271297026172,1.05701590286718,1.14811979221559
1980-12-01,0.883468251171199,1.05830924553029,1.15174359029465
1981-01-01,0.882117761500881,1.05852118485837,1.15455393034987
1981-02-01,0.878410489046418,1.05592915281553,1.15462459097529
1981-03-01,0.867492669745815,1.0444540191616,1.14578013351349
1981-04-01,0.867663401065842,1.04192413722198,1.14367028853577
1981-05-01,0.865465986838462,1.04030836370305,1.14368884238092
1981-06-01,0.868010639570072,1.04271681782304,1.14596727823509
1981-07-01,0.863666445350135,1.0356976221748,1.13704023891566
1981-08-01,0.860730786190077,1.03331937096993,1.1318567518311
1981-09-01,0.874622022901705,1.04210830785604,1.13074124233756
1981-10-01,0.867883342906281,1.03563756668348,1.12381546969626
1981-11-01,0.861352238112847,1.03207100320377,1.12088983454746
1981-12-01,0.864986939080197,1.02838937622329,1.11148494383042
1982-01-01,0.886291141201841,1.03805379927984,1.1081437001799
1982-02-01,0.888514147776452,1.03766733424257,1.10472248240581
1982-03-01,0.850810788253611,1.01169868269686,1.09424729406957
1982-04-01,0.835267414688548,0.995157224730283,1.08565511460882
1982-05-01,0.830352052311323,0.987120317106029,1.07860393878894
1982-06-01,0.824945185735177,0.981100475208808,1.07454476818415
1982-07-01,0.814833667490168,0.97073540410067,1.06620852730821
1982-08-01,0.798263947315161,0.956922732798074,1.0558443531299
1982-09-01,0.788409945611021,0.945234751229639,1.04545605105446
1982-10-01,0.783189583022507,0.936416856565344,1.03537321086786
1982-11-01,0.770753252196129,0.918991301476438,1.01982297527866
1982-12-01,0.777128060835174,0.916130388481314,1.01019582746046
1983-01-01,0.792876400031617,0.920391983169562,1.00375203060952
1983-02-01,0.768034600281239,0.899486670344378,0.990676380245993
1983-03-01,0.747836352107599,0.880642976631211,0.979008659640736
1983-04-01,0.731432169406279,0.864332642778247,0.969199442768426
1983-05-01,0.70544471274385,0.8401110176473781,0.955961608411081
1983-06-01,0.696858056897509,0.829796528623891,0.949425638656464
1983-07-01,0.68564599350414,0.8170955936774,0.940650376270373
1983-08-01,0.676104001039643,0.806907636608526,0.934154459008992
1983-09-01,0.676148433017326,0.803735138569477,0.930505515627158
1983-10-01,0.6568435200707,0.788115354069312,0.921977877005501
1983-11-01,0.64200320552834,0.776336522797325,0.916421388639623
1983-12-01,0.647306165736116,0.77936450023219,0.916142974386975
1984-01-01,0.658334523290478,0.7875477973377,0.918874791579549
1984-02-01,0.656930874336326,0.787855076185678,0.919308084446409
1984-03-01,0.641486592264225,0.776537360207754,0.917024320313037
1984-04-01,0.629787239700608,0.76736286899915,0.914901909349275
1984-05-01,0.634504732181187,0.772795000342047,0.920666952237781
1984-06-01,0.633149960421237,0.772808112879316,0.923020287304906
1984-07-01,0.635049767546435,0.775155441489955,0.926533750979331
1984-08-01,0.640074446306606,0.780174926577119,0.930377056483949
1984-09-01,0.644475099358799,0.782023584857833,0.930811795693232
1984-10-01,0.648339462847206,0.785264408910449,0.934773864758174
1984-11-01,0.646725396955142,0.785826397573566,0.937148814929262
1984-12-01,0.645850550834513,0.785828282256816,0.937524172783017
1985-01-01,0.647401837352033,0.787175933547974,0.937320960940884
1985-02-01,0.647192988986959,0.787253692022132,0.938340994819416
1985-03-01,0.649834388627727,0.789211141936833,0.939524357443862
1985-04-01,0.654298247299178,0.79149852493882,0.939878075207491
1985-05-01,0.639671932638939,0.779978532416778,0.932842110208763
1985-06-01,0.632897969617695,0.773665105037671,0.927873064985502
1985-07-01,0.632403189211776,0.770909482067483,0.924000112201682
1985-08-01,0.628296545841686,0.76797881815831,0.920454359059049
1985-09-01,0.637525748939239,0.775460282095944,0.921164797387038
1985-10-01,0.644308236809229,0.783065065023328,0.926073755381713
1985-11-01,0.651732895227074,0.790863742587773,0.930455899353211
1985-12-01,0.665242099962785,0.803734350616163,0.938665715735975
1986-01-01,0.681511707908196,0.81904093434978,0.946103147526841
1986-02-01,0.703364478106981,0.838979045180754,0.956425823011028
1986-03-01,0.704612853402643,0.839349181183421,0.954205770547371
1986-04-01,0.691092505016713,0.828521844388892,0.948309528206851
1986-05-01,0.68720781681253,0.825297168462744,0.944960514096369
1986-06-01,0.680612707356523,0.817190818817139,0.938934335583757
1986-07-01,0.672712743211274,0.80989165387711,0.934644695440833
1986-08-01,0.668540212571893,0.805874927263026,0.93169630027655
1986-09-01,0.672817741402727,0.807245200005705,0.928471073939532
1986-10-01,0.668877924624426,0.803009327844825,0.925927609531727
1986-11-01,0.674034987667861,0.807269616347725,0.928262039537954
1986-12-01,0.690608363146174,0.82192746725502,0.937762323356952
1987-01-01,0.700746342766609,0.831264757549144,0.941841008883661
1987-02-01,0.685630192228199,0.817351740555284,0.935484833012878
1987-03-01,0.658257590633599,0.793619484998644,0.924158337757565
1987-04-01,0.647730706764258,0.781811766105653,0.91702004324782
1987-05-01,0.631370947482705,0.768262239770072,0.910442113869601
1987-06-01,0.620342122590933,0.760414945442049,0.907031651936568
1987-07-01,0.617159294855694,0.75843439299434,0.905731859682574
1987-08-01,0.623102874622689,0.76354939722003,0.908125781750047
1987-09-01,0.634682503525422,0.773539537254461,0.91257910765533
1987-10-01,0.65095911702273,0.789233588751638,0.919427466824332
1987-11-01,0.644431646591308,0.78698631659741,0.923412872329668
1987-12-01,0.641800718235435,0.781198360702982,0.92058819479428
1988-01-01,0.635639463523241,0.77587144893264,0.919020092383897
1988-02-01,0.622016756835153,0.763520740033648,0.912254154520931
1988-03-01,0.606216877885702,0.74871785499798,0.904952539051141
1988-04-01,0.599579401160663,0.741138946496575,0.90093242719956
1988-05-01,0.592507855309392,0.73241714916427,0.895752990332212
1988-06-01,0.591314225958303,0.730663524873796,0.894431093012266
1988-07-01,0.590544480651868,0.727050576096907,0.890771926648309
1988-08-01,0.590070912216524,0.725880612887791,0.889622499848022
1988-09-01,0.592729051146504,0.727141602858481,0.889396814970864
1988-10-01,0.5939544994536,0.729050642082408,0.890758109151422
1988-11-01,0.599010926288928,0.73455112734928,0.893204714432485
1988-12-01,0.615613722317214,0.747814390937283,0.897583913706074
1989-01-01,0.64242598150104,0.768068775177838,0.902237697583437
1989-02-01,0.647143939281581,0.772402102649434,0.905220604873247
1989-03-01,0.642704442411806,0.771354938042935,0.908074215911442
1989-04-01,0.640781672142968,0.773491682069565,0.912317678356897
1989-05-01,0.647576022151988,0.780551880648071,0.918631911369504
1989-06-01,0.643443057888656,0.778779499373879,0.919079602802501
1989-07-01,0.647296408756607,0.780125532749687,0.918952597235603
1989-08-01,0.646708805178214,0.779701334650119,0.917516681025789
1989-09-01,0.631234676559519,0.768283281222748,0.910893830535558
1989-10-01,0.630952339672973,0.767254882684666,0.906863701915179
1989-11-01,0.636917982236784,0.771652886988186,0.90694220767895
1989-12-01,0.662628129012731,0.790642681632972,0.912755091415424
1990-01-01,0.697420009797389,0.817587574790319,0.92283633654983
1990-02-01,0.685291624634931,0.81357363389685,0.923991157646625
1990-03-01,0.67242250926109,0.804602655992844,0.921579770498202
1990-04-01,0.668384049946399,0.801174680049331,0.92011804350978
1990-05-01,0.664037408835078,0.7978109889624,0.918203289915018
1990-06-01,0.66074760609117,0.797946383448338,0.921141972844793
1990-07-01,0.666877051849506,0.806076293494245,0.927778852772445
1990-08-01,0.682059282701454,0.821133044039231,0.935696063054754
1990-09-01,0.674829968341668,0.816117510997551,0.935018757015417
1990-10-01,0.683306027492665,0.821513082646199,0.937643920717222
1990-11-01,0.695478387562021,0.832843643429712,0.942522250942075
1990-12-01,0.694989494891076,0.830870980336148,0.941171581160774
1991-01-01,0.69533418315794,0.82901985559053,0.93928414023715
1991-02-01,0.683271231440393,0.818251230743072,0.935121843031579
1991-03-01,0.663266531790753,0.798845856737525,0.925576128670638
1991-04-01,0.651139741555402,0.781895612754691,0.912541330292197
1991-05-01,0.637986071931966,0.765860455615484,0.90066651071059
1991-06-01,0.630585915866647,0.755423200437468,0.892897785882857
1991-07-01,0.613219074593229,0.741505643291697,0.885935971214302
1991-08-01,0.600382825944398,0.731840925359522,0.88221086443076
1991-09-01,0.597766087851623,0.728203958758409,0.87940084053875
1991-10-01,0.590130414594336,0.724972107589495,0.880140206917824
1991-11-01,0.590415435819193,0.728360622005824,0.883159733150011
1991-12-01,0.597753491341808,0.734427018337103,0.88598645526852
1992-01-01,0.600043715789603,0.736393280353715,0.886649679059782
1992-02-01,0.59994272350117,0.735000442895249,0.886441880494971
1992-03-01,0.593736827466833,0.728778827342729,0.884078081418606
1992-04-01,0.595322712416243,0.727622568394264,0.881032447099725
1992-05-01,0.586218601563741,0.718772103567985,0.875525643888931
1992-06-01,0.583825452959905,0.715726741427965,0.87339066679335
1992-07-01,0.585287754945215,0.715283269033807,0.873519822563268
1992-08-01,0.584148360463563,0.713260026439992,0.871609540253316
1992-09-01,0.590304147862367,0.717546246797816,0.873365051199894
1992-10-01,0.59752640012338,0.722714812547006,0.876476768208019
1992-11-01,0.59199645011894,0.717708340986804,0.873990533719929
1992-12-01,0.60269724198972,0.717809854446209,0.869590565860262
1993-01-01,0.60453163817178,0.718183506819223,0.867210320569572
1993-02-01,0.59031523609105,0.712455090821829,0.865619509205275
1993-03-01,0.584851990989735,0.708965304711821,0.863000011620021
1993-04-01,0.579156354389004,0.7038503880671,0.858909597390111
1993-05-01,0.573244593227765,0.697786611799995,0.854028322702356
1993-06-01,0.561819658943248,0.688743087218982,0.850455692676251
1993-07-01,0.551353945127612,0.680542330406352,0.847687824616465
1993-08-01,0.550909889714045,0.6802127325994,0.848936615368467
1993-09-01,0.558244703369315,0.68469935458872,0.85085192758737
1993-10-01,0.564427711633353,0.690211894275401,0.854387333329439
1993-11-01,0.564595778176456,0.690834326057101,0.856083219246404
1993-12-01,0.588891448546087,0.70457695340427,0.860351589838371
1994-01-01,0.596656492292328,0.713676713689057,0.866237718645069
1994-02-01,0.590444061680131,0.713924583591362,0.869821009689325
1994-03-01,0.586421485580653,0.714524953256653,0.873237522009006
1994-04-01,0.572772273605692,0.705411266996325,0.870567124074453
1994-05-01,0.567177332892613,0.70069562513775,0.867585332245751
1994-06-01,0.561248005181104,0.695247394437116,0.863666215017326
1994-07-01,0.558878222173255,0.693699654712112,0.863053252869839
1994-08-01,0.557972380587049,0.693287639513777,0.863847582760913
1994-09-01,0.560530982076327,0.694976293234614,0.86492673845727
1994-10-01,0.563385419515878,0.697230277966263,0.866899803893995
1994-11-01,0.561291353717354,0.696825598809517,0.867397918719268
1994-12-01,0.568439969934964,0.702906112711017,0.870875629119019
1995-01-01,0.572315346147402,0.706738726495392,0.873198827887683
1995-02-01,0.581829636679308,0.713875002605704,0.875653754618612
1995-03-01,0.582140903397176,0.712516802889425,0.874511485193953
1995-04-01,0.584418168847407,0.712729298887099,0.873917128936066
1995-05-01,0.581388429059136,0.710993921724001,0.872138099402483
1995-06-01,0.571692519887241,0.703455317654182,0.869057571206655
1995-07-01,0.568005773243078,0.700184844235639,0.866611813157654
1995-08-01,0.568749171969791,0.700743063889635,0.866412197323704
1995-09-01,0.561794795677375,0.696604255753069,0.864316050644843
1995-10-01,0.56486737858903,0.700261074672156,0.864702626396922
1995-11-01,0.576431837699524,0.709933361140146,0.86762509544553
1995-12-01,0.586747748489514,0.719228897915491,0.871729594198999
1996-01-01,0.609946353014521,0.737245435335334,0.879737771630117
1996-02-01,0.620157761152538,0.743629606798168,0.882157716743927
1996-03-01,0.60732383379037,0.735008212876775,0.878624811655656
1996-04-01,0.590312138933469,0.720879967255378,0.871428283623524
1996-05-01,0.57814083750337,0.710988000422543,0.866802659037315
1996-06-01,0.571071835727147,0.704848652308308,0.862890478222122
1996-07-01,0.566683314260048,0.700740922037098,0.859821016546888
1996-08-01,0.562950494761358,0.696307451569267,0.856941480249037
1996-09-01,0.559292408176591,0.692996780425062,0.856116447454129
1996-10-01,0.559697246168404,0.692795415360366,0.856443339971766
1996-11-01,0.559631015168153,0.692521644503323,0.8574697171049
1996-12-01,0.560871698382129,0.693794444860294,0.857535675006556
1997-01-01,0.563013893850975,0.695646696547657,0.857968114443479
1997-02-01,0.566261714069269,0.698454141200112,0.859245939334927
1997-03-01,0.562599964322383,0.695960485325435,0.856579410062211
1997-04-01,0.565756074078999,0.696964465624107,0.854967049508681
1997-05-01,0.561649803053877,0.694870639125981,0.854456875314999
1997-06-01,0.56047345178396,0.693067909409162,0.853665718114753
1997-07-01,0.565495313227523,0.696678481242481,0.854448803759235
1997-08-01,0.574404101194336,0.702158023128154,0.85564493474098
1997-09-01,0.568727085002541,0.698381842593898,0.854607708509252
1997-10-01,0.569801011497578,0.699488932274632,0.855355391755998
1997-11-01,0.574246784626475,0.704134630607014,0.859157855230637
1997-12-01,0.578195426902954,0.709060919290265,0.862585359746093
1998-01-01,0.583944915061146,0.713528383841813,0.863588159305912
1998-02-01,0.582108204626281,0.712703572736263,0.862392381466204
1998-03-01,0.583537734251813,0.714129269601673,0.863683809314546
1998-04-01,0.590437762224204,0.721129945596764,0.86799797295454
1998-05-01,0.595783528567081,0.728324907346759,0.873177691803356
1998-06-01,0.609527226515523,0.740757835622426,0.881420345302961
1998-07-01,0.618603274187891,0.752291455487847,0.89053767962464
1998-08-01,0.637805111690769,0.771044114320555,0.903374788413032
1998-09-01,0.629969395107828,0.769684893488492,0.910410576223817
1998-10-01,0.62118565574254,0.761387082733247,0.907867288750444
1998-11-01,0.61275177690481,0.75363418134225,0.903665197146436
1998-12-01,0.611959573706562,0.751350911204956,0.901020810430383
1999-01-01,0.61302087232805,0.751779210448611,0.899983936462224
1999-02-01,0.613911920878059,0.752950438966546,0.899224779502726
1999-03-01,0.613075078163178,0.753401714257822,0.900205713675296
1999-04-01,0.612968680859128,0.755101815040546,0.901067210501661
1999-05-01,0.60883687371749,0.752654962842352,0.901113677311847
1999-06-01,0.604918063529835,0.74766439018029,0.899246735544196
1999-07-01,0.60007124160192,0.74371696362498,0.898741142354777
1999-08-01,0.600095008465203,0.744061972543256,0.899722446272852
1999-09-01,0.605793112990365,0.74825216345341,0.902746571483766
1999-10-01,0.61796471187841,0.758509970513564,0.908626879820723
1999-11-01,0.62387575428284,0.76280771779931,0.908515613778945
1999-12-01,0.639450023928118,0.774055095241049,0.910720191967684
2000-01-01,0.658239223964924,0.788850762906736,0.914490283795041
2000-02-01,0.664257515901717,0.798684878643945,0.920537617721068
2000-03-01,0.674131403292894,0.809051262540346,0.927149027219606
2000-04-01,0.692286350061249,0.826940405409315,0.937697494261892
2000-05-01,0.706615243255833,0.837588851478192,0.944094937478655
2000-06-01,0.708178062360737,0.838078101527509,0.943597367341851
2000-07-01,0.694829519173988,0.828584797044,0.939599947974415
2000-08-01,0.687385061664839,0.822744761798345,0.937085071777272
2000-09-01,0.689952963201579,0.825767739158797,0.939014324441161
2000-10-01,0.687929871755351,0.824473873973113,0.938610968722926
2000-11-01,0.689416545942212,0.827259663737429,0.941040815385711
2000-12-01,0.702479707780668,0.840208222037088,0.949834260726366
2001-01-01,0.70890076952338,0.846010403769553,0.952069979989813
2001-02-01,0.704607686995274,0.84082621194018,0.946010916067519
2001-03-01,0.702908791214714,0.839789653328315,0.944344481799124
2001-04-01,0.708008871669197,0.841375484752564,0.941472321437624
2001-05-01,0.706179043109201,0.838537653305052,0.937394406071667
2001-06-01,0.7093185842476,0.839588874229108,0.935001347913685
2001-07-01,0.720783387233418,0.848645848896054,0.936580244162489
2001-08-01,0.743852105738838,0.867801849889819,0.94117180166672
2001-09-01,0.784180775384918,0.901512909822813,0.950224785722783
2001-10-01,0.79015479856316,0.903785838305717,0.948271104610156
2001-11-01,0.764473248169833,0.879487626837622,0.937627102698977
2001-12-01,0.733112300316907,0.852538828005665,0.927542237118372
2002-01-01,0.713979183959424,0.834047687336255,0.919295589010994
2002-02-01,0.685339819400401,0.809843732510626,0.910829578631176
2002-03-01,0.668512598796305,0.796407727995331,0.90716024387402
2002-04-01,0.649789729208448,0.778680522714628,0.897707065604643
2002-05-01,0.631809202576416,0.763680351871658,0.891068779359438
2002-06-01,0.629168982601352,0.759813660631761,0.88854325309592
2002-07-01,0.62693963011226,0.758884609424965,0.88834535831599
2002-08-01,0.622420045125273,0.755640410559917,0.887785092818436
2002-09-01,0.621767250136216,0.755768748375505,0.888629896198264
2002-10-01,0.623205397380369,0.757934372750431,0.89218367605159
2002-11-01,0.63108170181382,0.765809696329864,0.898629269062246
2002-12-01,0.642708384283644,0.776672334436429,0.904588001044723
2003-01-01,0.656395307950408,0.78929083781284,0.910679255715254
2003-02-01,0.6652699292172,0.798884843383714,0.915197060347939
2003-03-01,0.667392908823298,0.804302086881317,0.919878694909325
2003-04-01,0.679187604723132,0.817248184766609,0.927635652420356
2003-05-01,0.664942180213094,0.80405866801176,0.923202534882227
2003-06-01,0.653554155422872,0.792627846399679,0.917975260843552
2003-07-01,0.653578595136553,0.789993224653064,0.914722343601326
2003-08-01,0.652448027763095,0.784361903464902,0.907980666210818
2003-09-01,0.655697181131297,0.7828713113903,0.90374053116959
2003-10-01,0.648448526564583,0.775352776558378,0.899491897547791
2003-11-01,0.635511378104132,0.761494449147477,0.892030647248733
2003-12-01,0.620981662666333,0.749524659118156,0.887167445967875
2004-01-01,0.61819860414529,0.746526363088188,0.884951670954389
2004-02-01,0.615127724600512,0.744568363661581,0.884849311560563
2004-03-01,0.618536906874648,0.747271994067417,0.887897695967027
2004-04-01,0.619120863997609,0.751471415029369,0.893947739535666
2004-05-01,0.626071233473995,0.758902530982741,0.899341318819807
2004-06-01,0.633129072677666,0.764982621084532,0.903061941786057
2004-07-01,0.624289942484641,0.758360980220181,0.898778424562504
2004-08-01,0.615326212253467,0.75173684295534,0.894582804227201
2004-09-01,0.620172797463866,0.755942228750785,0.8954388352599
2004-10-01,0.633016308730968,0.767227798719027,0.900168141653181
2004-11-01,0.645681729754749,0.776652549240508,0.904233680764533
2004-12-01,0.667273818351508,0.787894515388733,0.906778089114541
2005-01-01,0.673571523420915,0.792416255895941,0.907544506767841
2005-02-01,0.657948340047862,0.784702498484891,0.90521631143545
2005-03-01,0.651557803946499,0.781343315675205,0.905674439707028
2005-04-01,0.645003669101047,0.779546486588116,0.906300510372735
2005-05-01,0.65060926342864,0.786295637557623,0.909868346241804
2005-06-01,0.661034010443855,0.796326691016703,0.914951907346263
2005-07-01,0.680314581699306,0.813014365683925,0.921275151749277
2005-08-01,0.701353532799946,0.832566250714708,0.929494438785458
2005-09-01,0.742050290609209,0.865591117875299,0.941525798411057
2005-10-01,0.743417660911705,0.872512034191203,0.947410800612759
2005-11-01,0.730030672799357,0.862113993534725,0.941440220484497
2005-12-01,0.705857296607351,0.841733405916137,0.932631358595395
2006-01-01,0.700108846602965,0.834327437053728,0.927351379777436
2006-02-01,0.69283079985141,0.826792516165508,0.923468389392616
2006-03-01,0.675819163257822,0.811850505322402,0.917434807093795
2006-04-01,0.676887977914183,0.811028288101593,0.916524086090654
2006-05-01,0.677351698472362,0.809749449148445,0.915567893601316
2006-06-01,0.676027122775692,0.807741799230242,0.913967367103507
2006-07-01,0.671673019978692,0.804009737430194,0.911822028384635
2006-08-01,0.677062747588536,0.808267380029861,0.912644078731048
2006-09-01,0.692472372095498,0.822496188896683,0.917979537750336
2006-10-01,0.679423401702197,0.81226404730172,0.914990279100535
2006-11-01,0.668716325372742,0.80374943334511,0.913295998659739
2006-12-01,0.669557109954579,0.802255516507062,0.913636418268414
2007-01-01,0.672104978268485,0.801491073185834,0.912877767899555
2007-02-01,0.668901594734279,0.798139205451371,0.911000890764864
2007-03-01,0.666467918779051,0.793092187039659,0.907604118906424
2007-04-01,0.658542438144076,0.78679194614886,0.906000028160626
2007-05-01,0.645436093728881,0.778338277162434,0.905532275048178
2007-06-01,0.647014647473632,0.782306607019656,0.911068355713021
2007-07-01,0.65750905343375,0.794309966693181,0.919927129084674
2007-08-01,0.677935349886278,0.813671395629613,0.932237844355829
2007-09-01,0.688967511544448,0.824008198897988,0.9386716092734
2007-10-01,0.698116872371986,0.833198146892415,0.945718875374531
2007-11-01,0.716061856662519,0.852903739386907,0.95935223931293
2007-12-01,0.725370021103411,0.863321700226866,0.968787293530468
2008-01-01,0.729381234454083,0.869139620730456,0.975849823290643
2008-02-01,0.739469641509956,0.879299267168641,0.984047418538968
2008-03-01,0.748011027444256,0.88645272495294,0.988599633985331
2008-04-01,0.773246285449014,0.90551449196613,0.996217667664627
2008-05-01,0.808434080525321,0.932956231629929,1.00807578126851
2008-06-01,0.839761155108793,0.96598790940316,1.02391146193531
2008-07-01,0.880182939250415,1.00729181178353,1.04462439226359
2008-08-01,0.941137640573427,1.0694869273979,1.07471590563566
2008-09-01,1.01453105452546,1.13743255256811,1.10320761465413
2008-10-01,1.08343491340156,1.20573807215939,1.13130612411836
2008-11-01,1.07783024768325,1.20731931276298,1.13199193201979
2008-12-01,1.06298063007101,1.19553407149382,1.12528831315073
2009-01-01,1.0557200266689,1.18031632234248,1.11418809358413
2009-02-01,1.01944285738109,1.14411277651348,1.09520567924308
2009-03-01,0.96431881548219,1.09638302279499,1.07540227179301
2009-04-01,0.933289858024394,1.06144832171974,1.05491715354243
2009-05-01,0.905324123263022,1.03130920725602,1.03751942557073
2009-06-01,0.884346316567008,1.00955732426244,1.02323468653302
2009-07-01,0.860621643800268,0.981937038202531,1.00767404872945
2009-08-01,0.82076013385623,0.945863077145767,0.989942558724524
2009-09-01,0.790021726888177,0.916702388669922,0.973675731818256
2009-10-01,0.7690315142986,0.895858596375109,0.960878821478938
2009-11-01,0.753922064109039,0.879499225192534,0.951784828319346
2009-12-01,0.747582951775605,0.872674758195416,0.947458286473044
2010-01-01,0.749694294585947,0.871307126410015,0.945505354846145
2010-02-01,0.740964099204586,0.865430247741957,0.943319263644761
2010-03-01,0.729921521250819,0.853110135590482,0.937485585672361
2010-04-01,0.711224290508762,0.834943828772899,0.930606049968075
2010-05-01,0.703554826618897,0.825792317582174,0.927272070101468
2010-06-01,0.67133033584765,0.801808685050528,0.91786857370663
2010-07-01,0.654475154509644,0.786498839188818,0.908084852281406
2010-08-01,0.640558887597207,0.77373030039458,0.899746700488199
2010-09-01,0.633765693476203,0.76730018078165,0.895250543487976
2010-10-01,0.631728639807562,0.765357006689603,0.89429860295441
2010-11-01,0.628093727845039,0.759667891893455,0.890911212850826
2010-12-01,0.64429249009035,0.766633707285742,0.891813086778117
2011-01-01,0.643528155422048,0.766441209002305,0.889847751234112
2011-02-01,0.648787909809338,0.771197098548839,0.890900345318082
2011-03-01,0.646926020894695,0.770573729102288,0.891469609292275
2011-04-01,0.646519611730579,0.76991925084968,0.891099717071163
2011-05-01,0.644182536464117,0.77112992125766,0.893246879372896
2011-06-01,0.645058616058308,0.772777917297024,0.893293593115345
2011-07-01,0.651391611887878,0.779135558125728,0.895438324132674
2011-08-01,0.654864427798782,0.784892812314097,0.899401402565847
2011-09-01,0.643315979211527,0.775902373092465,0.896114997007224
2011-10-01,0.635218371950339,0.76743957339087,0.891236721285384
2011-11-01,0.624602085867853,0.756316490458872,0.885249368847008
2011-12-01,0.617613648316298,0.748177382352749,0.87952677201044
2012-01-01,0.611156009878316,0.741207175905958,0.874361458949282
2012-02-01,0.599723212736657,0.731433644292401,0.869487660929449
2012-03-01,0.599786067568983,0.730175259240317,0.867720700373068
2012-04-01,0.593195397168886,0.725876774928653,0.866331438412078
2012-05-01,0.596775542612441,0.729718460196558,0.867678161702876
2012-06-01,0.596990359725142,0.729290618470076,0.867140985094824
2012-07-01,0.602941492485601,0.733422247319859,0.8681220873601
2012-08-01,0.61037234650419,0.7399799231378,0.869661911781947
2012-09-01,0.608563536202023,0.736131944917051,0.866453596888664
2012-10-01,0.608733810389836,0.732935120344621,0.863037048515766
2012-11-01,0.619209763166574,0.737399768910406,0.862746856476573
2012-12-01,0.627025941843058,0.739429136060222,0.862970429704655
2013-01-01,0.622737235240651,0.738684845658653,0.865329105432624
2013-02-01,0.611694127031759,0.736976724217499,0.868064867221159
2013-03-01,0.602335593060068,0.733113368199694,0.868598822048201
2013-04-01,0.581999905284383,0.715122586398326,0.862603020910403
2013-05-01,0.572103621083359,0.705243747002555,0.858454751699622
2013-06-01,0.566865095802836,0.699522388121916,0.856527726453967
2013-07-01,0.571312359227288,0.700594297024425,0.856549173790373
2013-08-01,0.564615154803941,0.695838483036469,0.854899973634085
2013-09-01,0.553830580278913,0.686759819053502,0.849532703893407
2013-10-01,0.558133898159721,0.688382109463625,0.848447847451019
2013-11-01,0.560510423519261,0.690713085823425,0.848468160680066
2013-12-01,0.566803179435554,0.694301475693253,0.848711620822735
2014-01-01,0.576602629684081,0.699339731505873,0.849166278147219
2014-02-01,0.573035612616001,0.697635969492818,0.847622737953721
2014-03-01,0.561536466021938,0.688976142127976,0.843252774801309
2014-04-01,0.552738885753373,0.682391955745043,0.840365133661252
2014-05-01,0.549283077267971,0.680883945190137,0.84063721221617
2014-06-01,0.552291248196563,0.684655872849466,0.843584072823305
2014-07-01,0.566226311730554,0.697276943731321,0.850706674994112
2014-08-01,0.58117554802986,0.711945767471531,0.859804805593554
2014-09-01,0.590620468276268,0.722960815866571,0.867100417401812
2014-10-01,0.607655978073637,0.739182529617708,0.876017333042942
2014-11-01,0.630102602491487,0.759926894384493,0.887220772609226
2014-12-01,0.653774054978884,0.78363666657336,0.899923711483225
2015-01-01,0.674544329004093,0.804721720155998,0.911858184025072
2015-02-01,0.690861333414207,0.821293956405144,0.920446726443552
2015-03-01,0.692477401765461,0.820438921486674,0.919497985310382
2015-04-01,0.680082382700846,0.809702683779663,0.917255123904453
2015-05-01,0.668264371369454,0.800476354619094,0.914851969354145
2015-06-01,0.652404905794548,0.786176708287302,0.908916649450361
2015-07-01,0.644876406964593,0.780477567929626,0.907292447166897
2015-08-01,0.640256769733192,0.777026372651866,0.905401418064691
2015-09-01,0.644176348133713,0.779658884329683,0.904172860219295
2015-10-01,0.641862172771024,0.777507552795535,0.901495613719906
2015-11-01,0.650960308331842,0.782823608174151,0.901951845313393
2015-12-01,0.667620303356151,0.791463677635901,0.902047230431691
2016-01-01,0.659787408631886,0.786520772382391,0.900886452400684
2016-02-01,0.651379434339745,0.778545687147716,0.898885203084137
2016-03-01,0.640758642425653,0.771112283475742,0.896981402887763
2016-04-01,0.622334821318614,0.754378827750095,0.888794267257905
2016-05-01,0.605591449539879,0.740870132106738,0.883575777005951
2016-06-01,0.59500526483366,0.732766402788304,0.880746298560638
2016-07-01,0.592253900095644,0.73208684331142,0.882203928057299
2016-08-01,0.59095645731799,0.729226953991125,0.879416265483026
2016-09-01,0.58767128517677,0.725955123298135,0.877672290170048
2016-10-01,0.591337685091434,0.729232776919473,0.88010136113943
2016-11-01,0.600214639592173,0.737007586137725,0.883833614191072
2016-12-01,0.604611199751263,0.738881081002483,0.883744196990708
2017-01-01,0.603716253074812,0.735054664519233,0.878900043543011
2017-02-01,0.601901710745218,0.732312204856313,0.87640881403158
2017-03-01,0.598239773813635,0.729246771974427,0.875557408938054
2017-04-01,0.593394662076996,0.725032480680594,0.873663787076687
2017-05-01,0.587494416885129,0.7217120063857,0.872964174551865
2017-06-01,0.582624617696038,0.717255535401435,0.870230422070506
2017-07-01,0.579275638560051,0.713504817603096,0.867313148469653
2017-08-01,0.584098297235124,0.717143728861057,0.867224878696852
2017-09-01,0.592776094832317,0.72331175588919,0.868873163235123
2017-10-01,0.59506977906241,0.724715579572113,0.869871315577965
2017-11-01,0.584469561580648,0.717608303462115,0.867932605106946
2017-12-01,0.581055595445934,0.713942965207001,0.866368183912639
2018-01-01,0.582079444462013,0.714102811096186,0.867465617130232
2018-02-01,0.581720990775166,0.713947787121017,0.868771126220817
2018-03-01,0.574031364014186,0.707233987927579,0.864724530271148
2018-04-01,0.575194636029882,0.705012616609189,0.86149451156353
2018-05-01,0.579129326184885,0.706867363323536,0.861426948847111
2018-06-01,0.566051184492469,0.699612610443159,0.85933824946802
2018-07-01,0.558276019502408,0.695328302338226,0.857371507094429
2018-08-01,0.558517025211781,0.6972424481076,0.858508278029263
2018-09-01,0.563999936323908,0.703900393326947,0.862121407318606
2018-10-01,0.574832672642745,0.715740695496778,0.868265467205344
2018-11-01,0.592256471404135,0.73173427701951,0.876975244650957
2018-12-01,0.608327138009986,0.744146862242617,0.881420508985702
2019-01-01,0.612148867536822,0.746872869505188,0.882502479394769
2019-02-01,0.610274821929473,0.745154412935444,0.88190720691713
2019-03-01,0.608076003149201,0.744095002280911,0.882096213777633
2019-04-01,0.613961498769713,0.747070775497118,0.882949379130566
2019-05-01,0.605935413410595,0.743272247362015,0.883725055242264
2019-06-01,0.604159115549339,0.743239852044383,0.886429971837515
2019-07-01,0.603978771188817,0.742590328104523,0.886527727150086
2019-08-01,0.608451747237307,0.745722958940397,0.888223978010481
2019-09-01,0.611279748370369,0.745764368256211,0.887234119149441
2019-10-01,0.6167774465193681,0.749057974945806,0.888309519780309
2019-11-01,0.616301856442911,0.747402301442654,0.888209751297204
2019-12-01,0.612904813286667,0.744533733015034,0.885507308736363
