permno,adate,qdate,public_date,npm,de_ratio,curr_ratio,ptb,TICKER
11850,1968-12-31,1969-09-30,1970-01-31,0.079,0.659,1.609,1.179,J
11850,1969-12-31,1969-12-31,1970-02-28,0.083,0.693,1.487,1.142,J
11850,1969-12-31,1969-12-31,1970-03-31,0.083,0.693,1.487,1.210,J
11850,1969-12-31,1969-12-31,1970-04-30,0.083,0.693,1.487,1.134,J
11850,1969-12-31,1970-03-31,1970-05-31,0.074,0.693,1.487,1.200,J
11850,1969-12-31,1970-03-31,1970-06-30,0.074,0.693,1.487,1.158,J
11850,1969-12-31,1970-03-31,1970-07-31,0.074,0.693,1.487,1.311,J
11850,1969-12-31,1970-06-30,1970-08-31,0.070,0.693,1.487,1.393,J
11850,1969-12-31,1970-06-30,1970-09-30,0.070,0.693,1.487,1.417,J
11850,1969-12-31,1970-06-30,1970-10-31,0.070,0.693,1.487,1.470,J
11850,1969-12-31,1970-09-30,1970-11-30,0.069,0.693,1.487,1.530,J
11850,1969-12-31,1970-09-30,1970-12-31,0.069,0.693,1.487,1.551,J
11850,1969-12-31,1970-09-30,1971-01-31,0.069,0.693,1.487,1.493,J
11850,1970-12-31,1970-12-31,1971-02-28,0.079,0.714,1.540,1.461,J
11850,1970-12-31,1970-12-31,1971-03-31,0.079,0.714,1.540,1.551,J
11850,1970-12-31,1970-12-31,1971-04-30,0.079,0.714,1.540,1.548,J
11850,1970-12-31,1971-03-31,1971-05-31,0.074,0.714,1.540,1.475,J
11850,1970-12-31,1971-03-31,1971-06-30,0.074,0.714,1.540,1.466,J
11850,1970-12-31,1971-03-31,1971-07-31,0.074,0.714,1.540,1.487,J
11850,1970-12-31,1971-06-30,1971-08-31,0.078,0.714,1.540,1.378,J
11850,1970-12-31,1971-06-30,1971-09-30,0.078,0.714,1.540,1.400,J
11850,1970-12-31,1971-06-30,1971-10-31,0.078,0.714,1.540,1.361,J
11850,1970-12-31,1971-09-30,1971-11-30,0.081,0.714,1.540,1.339,J
11850,1970-12-31,1971-09-30,1971-12-31,0.081,0.714,1.540,1.436,J
11850,1970-12-31,1971-09-30,1972-01-31,0.081,0.714,1.540,1.465,J
11850,1971-12-31,1971-12-31,1972-02-29,0.081,0.710,1.568,1.387,J
11850,1971-12-31,1971-12-31,1972-03-31,0.081,0.710,1.568,1.291,J
11850,1971-12-31,1971-12-31,1972-04-30,0.081,0.710,1.568,1.282,J
11850,1971-12-31,1972-03-31,1972-05-31,0.079,0.706,1.568,1.434,J
11850,1971-12-31,1972-03-31,1972-06-30,0.079,0.706,1.568,1.415,J
11850,1971-12-31,1972-03-31,1972-07-31,0.079,0.706,1.568,1.448,J
11850,1971-12-31,1972-06-30,1972-08-31,0.076,0.702,1.568,1.534,J
11850,1971-12-31,1972-06-30,1972-09-30,0.076,0.702,1.568,1.534,J
11850,1971-12-31,1972-06-30,1972-10-31,0.076,0.702,1.568,1.579,J
11850,1971-12-31,1972-09-30,1972-11-30,0.074,0.698,1.568,1.631,J
11850,1971-12-31,1972-09-30,1972-12-31,0.074,0.698,1.568,1.638,J
11850,1971-12-31,1972-09-30,1973-01-31,0.074,0.698,1.568,1.774,J
11850,1972-12-31,1972-12-31,1973-02-28,0.075,0.713,1.508,1.539,XON
11850,1972-12-31,1972-12-31,1973-03-31,0.075,0.713,1.508,1.625,XON
11850,1972-12-31,1972-12-31,1973-04-30,0.075,0.713,1.508,1.658,XON
11850,1972-12-31,1973-03-31,1973-05-31,0.080,0.720,1.508,1.676,XON
11850,1972-12-31,1973-03-31,1973-06-30,0.080,0.720,1.508,1.759,XON
11850,1972-12-31,1973-03-31,1973-07-31,0.080,0.720,1.508,1.710,XON
11850,1972-12-31,1973-06-30,1973-08-31,0.085,0.705,1.508,1.552,XON
11850,1972-12-31,1973-06-30,1973-09-30,0.085,0.705,1.508,1.622,XON
11850,1972-12-31,1973-06-30,1973-10-31,0.085,0.705,1.508,1.650,XON
11850,1972-12-31,1973-09-30,1973-11-30,0.091,0.688,1.508,1.522,XON
11850,1972-12-31,1973-09-30,1973-12-31,0.091,0.688,1.508,1.594,XON
11850,1972-12-31,1973-09-30,1974-01-31,0.091,0.688,1.508,1.465,XON
11850,1973-12-31,1973-12-31,1974-02-28,0.095,0.785,1.553,1.265,XON
11850,1973-12-31,1973-12-31,1974-03-31,0.095,0.785,1.553,1.231,XON
11850,1973-12-31,1973-12-31,1974-04-30,0.095,0.785,1.553,1.169,XON
11850,1973-12-31,1974-03-31,1974-05-31,0.089,0.799,1.553,1.145,XON
11850,1973-12-31,1974-03-31,1974-06-30,0.089,0.799,1.553,1.108,XON
11850,1973-12-31,1974-03-31,1974-07-31,0.089,0.799,1.553,1.183,XON
11850,1973-12-31,1974-06-30,1974-08-31,0.086,0.771,1.553,1.019,XON
11850,1973-12-31,1974-06-30,1974-09-30,0.086,0.771,1.553,0.890,XON
11850,1973-12-31,1974-06-30,1974-10-31,0.086,0.771,1.553,1.038,XON
11850,1973-12-31,1974-09-30,1974-11-30,0.081,0.744,1.553,0.923,XON
11850,1973-12-31,1974-09-30,1974-12-31,0.081,0.744,1.553,0.951,XON
11850,1973-12-31,1974-09-30,1975-01-31,0.081,0.744,1.553,1.076,XON
11850,1974-12-31,1974-12-31,1975-02-28,0.075,0.949,1.558,1.004,XON
11850,1974-12-31,1974-12-31,1975-03-31,0.075,0.949,1.558,0.960,XON
11850,1974-12-31,1974-12-31,1975-04-30,0.075,0.949,1.558,1.050,XON
11850,1974-12-31,1975-03-31,1975-05-31,0.070,0.968,1.595,1.229,XON
11850,1974-12-31,1975-03-31,1975-06-30,0.070,0.968,1.595,1.297,XON
11850,1974-12-31,1975-03-31,1975-07-31,0.070,0.968,1.595,1.220,XON
11850,1974-12-31,1975-06-30,1975-08-31,0.065,0.948,1.594,1.192,XON
11850,1974-12-31,1975-06-30,1975-09-30,0.065,0.948,1.594,1.202,XON
11850,1974-12-31,1975-06-30,1975-10-31,0.065,0.948,1.594,1.224,XON
11850,1974-12-31,1975-09-30,1975-11-30,0.061,0.938,1.572,1.154,XON
11850,1974-12-31,1975-09-30,1975-12-31,0.061,0.938,1.572,1.191,XON
11850,1974-12-31,1975-09-30,1976-01-31,0.061,0.938,1.572,1.222,XON
11850,1975-12-31,1975-12-31,1976-02-29,0.056,0.887,1.499,1.045,XON
11850,1975-12-31,1975-12-31,1976-03-31,0.056,0.887,1.499,1.126,XON
11850,1975-12-31,1975-12-31,1976-04-30,0.056,0.887,1.499,1.131,XON
11850,1975-12-31,1976-03-31,1976-05-31,0.057,0.920,1.552,1.292,XON
11850,1975-12-31,1976-03-31,1976-06-30,0.057,0.920,1.552,1.340,XON
11850,1975-12-31,1976-03-31,1976-07-31,0.057,0.920,1.552,1.361,XON
11850,1975-12-31,1976-06-30,1976-08-31,0.056,0.915,1.552,1.332,XON
11850,1975-12-31,1976-06-30,1976-09-30,0.056,0.915,1.552,1.398,XON
11850,1975-12-31,1976-06-30,1976-10-31,0.056,0.915,1.552,1.323,XON
11850,1975-12-31,1976-09-30,1976-11-30,0.055,0.918,1.540,1.266,XON
11850,1975-12-31,1976-09-30,1976-12-31,0.055,0.918,1.540,1.328,XON
11850,1975-12-31,1976-09-30,1977-01-31,0.055,0.918,1.540,1.325,XON
11850,1976-12-31,1976-12-31,1977-02-28,0.054,0.925,1.431,1.106,XON
11850,1976-12-31,1976-12-31,1977-03-31,0.054,0.925,1.431,1.103,XON
11850,1976-12-31,1976-12-31,1977-04-30,0.054,0.925,1.431,1.122,XON
11850,1976-12-31,1977-03-31,1977-05-31,0.051,0.937,1.471,1.220,XON
11850,1976-12-31,1977-03-31,1977-06-30,0.051,0.937,1.471,1.277,XON
11850,1976-12-31,1977-03-31,1977-07-31,0.051,0.937,1.471,1.232,XON
11850,1976-12-31,1977-06-30,1977-08-31,0.049,0.948,1.434,1.143,XON
11850,1976-12-31,1977-06-30,1977-09-30,0.049,0.948,1.434,1.137,XON
11850,1976-12-31,1977-06-30,1977-10-31,0.049,0.948,1.434,1.110,XON
11850,1976-12-31,1977-09-30,1977-11-30,0.048,0.946,1.419,1.080,XON
11850,1976-12-31,1977-09-30,1977-12-31,0.048,0.946,1.419,1.116,XON
11850,1976-12-31,1977-09-30,1978-01-31,0.048,0.946,1.419,1.061,XON
11850,1977-12-31,1977-12-31,1978-02-28,0.045,0.928,1.431,0.888,XON
11850,1977-12-31,1977-12-31,1978-03-31,0.045,0.928,1.431,0.901,XON
11850,1977-12-31,1977-12-31,1978-04-30,0.045,0.928,1.431,0.951,XON
11850,1977-12-31,1978-03-31,1978-05-31,0.045,0.955,1.434,1.076,XON
11850,1977-12-31,1978-03-31,1978-06-30,0.045,0.955,1.434,1.010,XON
11850,1977-12-31,1978-03-31,1978-07-31,0.045,0.955,1.434,1.070,XON
11850,1977-12-31,1978-06-30,1978-08-31,0.046,0.958,1.436,1.120,XON
11850,1977-12-31,1978-06-30,1978-09-30,0.046,0.958,1.436,1.176,XON
11850,1977-12-31,1978-06-30,1978-10-31,0.046,0.958,1.436,1.088,XON
11850,1977-12-31,1978-09-30,1978-11-30,0.043,0.970,1.434,1.108,XON
11850,1977-12-31,1978-09-30,1978-12-31,0.043,0.970,1.434,1.099,XON
11850,1977-12-31,1978-09-30,1979-01-31,0.043,0.970,1.434,1.144,XON
11850,1978-12-31,1978-12-31,1979-02-28,0.046,1.010,1.359,0.923,XON
11850,1978-12-31,1978-12-31,1979-03-31,0.046,1.010,1.359,0.989,XON
11850,1978-12-31,1978-12-31,1979-04-30,0.046,1.010,1.359,0.996,XON
11850,1978-12-31,1979-03-31,1979-05-31,0.048,0.996,1.403,1.066,XON
11850,1978-12-31,1979-03-31,1979-06-30,0.048,0.996,1.403,1.150,XON
11850,1978-12-31,1979-03-31,1979-07-31,0.048,0.996,1.403,1.169,XON
11850,1978-12-31,1979-06-30,1979-08-31,0.048,1.013,1.400,1.179,XON
11850,1978-12-31,1979-06-30,1979-09-30,0.048,1.013,1.400,1.234,XON
11850,1978-12-31,1979-06-30,1979-10-31,0.048,1.013,1.400,1.203,XON
11850,1978-12-31,1979-09-30,1979-11-30,0.053,1.038,1.395,1.174,XON
11850,1978-12-31,1979-09-30,1979-12-31,0.053,1.038,1.395,1.112,XON
11850,1978-12-31,1979-09-30,1980-01-31,0.053,1.038,1.395,1.228,XON
11850,1979-12-31,1979-12-31,1980-02-29,0.054,1.155,1.289,1.065,XON
11850,1979-12-31,1979-12-31,1980-03-31,0.054,1.155,1.289,0.943,XON
11850,1979-12-31,1979-12-31,1980-04-30,0.054,1.155,1.289,0.990,XON
11850,1979-12-31,1980-03-31,1980-05-31,0.060,1.107,1.369,1.177,XON
11850,1979-12-31,1980-03-31,1980-06-30,0.060,1.107,1.369,1.219,XON
11850,1979-12-31,1980-03-31,1980-07-31,0.060,1.107,1.369,1.269,XON
11850,1979-12-31,1980-06-30,1980-08-31,0.058,1.148,1.382,1.259,XON
11850,1979-12-31,1980-06-30,1980-09-30,0.058,1.148,1.382,1.255,XON
11850,1979-12-31,1980-06-30,1980-10-31,0.058,1.148,1.382,1.370,XON
11850,1979-12-31,1980-09-30,1980-11-30,0.057,1.178,1.387,1.544,XON
11850,1979-12-31,1980-09-30,1980-12-31,0.057,1.178,1.387,1.408,XON
11850,1979-12-31,1980-09-30,1981-01-31,0.057,1.178,1.387,1.358,XON
11850,1980-12-31,1980-12-31,1981-02-28,0.055,1.175,1.389,0.984,XON
11850,1980-12-31,1980-12-31,1981-03-31,0.055,1.175,1.389,0.937,XON
11850,1980-12-31,1980-12-31,1981-04-30,0.055,1.175,1.389,0.936,XON
11850,1980-12-31,1981-03-31,1981-05-31,0.050,1.203,1.412,1.061,XON
11850,1980-12-31,1981-03-31,1981-06-30,0.050,1.203,1.412,1.122,XON
11850,1980-12-31,1981-03-31,1981-07-31,0.050,1.203,1.412,1.147,XON
11850,1980-12-31,1981-06-30,1981-08-31,0.057,1.193,1.406,1.020,XON
11850,1980-12-31,1981-06-30,1981-09-30,0.057,1.193,1.406,0.977,XON
11850,1980-12-31,1981-06-30,1981-10-31,0.057,1.193,1.406,0.953,XON
11850,1980-12-31,1981-09-30,1981-11-30,0.054,1.194,1.399,1.011,XON
11850,1980-12-31,1981-09-30,1981-12-31,0.054,1.194,1.399,0.969,XON
11850,1980-12-31,1981-09-30,1982-01-31,0.054,1.194,1.399,0.950,XON
11850,1981-12-31,1981-12-31,1982-02-28,0.051,1.159,1.344,0.684,XON
11850,1981-12-31,1981-12-31,1982-03-31,0.051,1.159,1.344,0.670,XON
11850,1981-12-31,1981-12-31,1982-04-30,0.051,1.159,1.344,0.673,XON
11850,1981-12-31,1982-03-31,1982-05-31,0.046,1.182,1.354,0.835,XON
11850,1981-12-31,1982-03-31,1982-06-30,0.046,1.182,1.354,0.828,XON
11850,1981-12-31,1982-03-31,1982-07-31,0.046,1.182,1.354,0.776,XON
11850,1981-12-31,1982-06-30,1982-08-31,0.037,1.178,1.305,0.843,XON
11850,1981-12-31,1982-06-30,1982-09-30,0.037,1.178,1.305,0.829,XON
11850,1981-12-31,1982-06-30,1982-10-31,0.037,1.178,1.305,0.877,XON
11850,1981-12-31,1982-09-30,1982-11-30,0.038,1.163,1.262,0.819,XON
11850,1981-12-31,1982-09-30,1982-12-31,0.038,1.163,1.262,0.867,XON
11850,1981-12-31,1982-09-30,1983-01-31,0.038,1.163,1.262,0.878,XON
11850,1982-12-31,1982-12-31,1983-02-28,0.043,1.148,1.202,0.682,XON
11850,1982-12-31,1982-12-31,1983-03-31,0.043,1.148,1.202,0.720,XON
11850,1982-12-31,1982-12-31,1983-04-30,0.043,1.148,1.202,0.825,XON
11850,1982-12-31,1983-03-31,1983-05-31,0.047,1.159,1.216,1.023,XON
11850,1982-12-31,1983-03-31,1983-06-30,0.047,1.159,1.216,1.023,XON
11850,1982-12-31,1983-03-31,1983-07-31,0.047,1.159,1.216,1.088,XON
11850,1982-12-31,1983-06-30,1983-08-31,0.050,1.161,1.223,1.137,XON
11850,1982-12-31,1983-06-30,1983-09-30,0.050,1.161,1.223,1.092,XON
11850,1982-12-31,1983-06-30,1983-10-31,0.050,1.161,1.223,1.145,XON
11850,1982-12-31,1983-09-30,1983-11-30,0.054,1.164,1.236,1.114,XON
11850,1982-12-31,1983-09-30,1983-12-31,0.054,1.164,1.236,1.086,XON
11850,1982-12-31,1983-09-30,1984-01-31,0.054,1.164,1.236,1.155,XON
11850,1983-12-31,1983-12-31,1984-02-29,0.056,1.097,1.237,0.847,XON
11850,1983-12-31,1983-12-31,1984-03-31,0.056,1.097,1.237,0.850,XON
11850,1983-12-31,1983-12-31,1984-04-30,0.056,1.097,1.237,0.938,XON
11850,1983-12-31,1984-03-31,1984-05-31,0.060,1.139,1.256,1.127,XON
11850,1983-12-31,1984-03-31,1984-06-30,0.060,1.139,1.256,1.152,XON
11850,1983-12-31,1984-03-31,1984-07-31,0.060,1.139,1.256,1.085,XON
11850,1983-12-31,1984-06-30,1984-08-31,0.062,1.141,1.242,1.240,XON
11850,1983-12-31,1984-06-30,1984-09-30,0.062,1.141,1.242,1.243,XON
11850,1983-12-31,1984-06-30,1984-10-31,0.062,1.141,1.242,1.215,XON
11850,1983-12-31,1984-09-30,1984-11-30,0.063,1.151,1.214,1.219,XON
11850,1983-12-31,1984-09-30,1984-12-31,0.063,1.151,1.214,1.218,XON
11850,1983-12-31,1984-09-30,1985-01-31,0.063,1.151,1.214,1.299,XON
11850,1984-12-31,1984-12-31,1985-02-28,0.061,1.150,1.129,0.984,XON
11850,1984-12-31,1984-12-31,1985-03-31,0.061,1.150,1.129,1.041,XON
11850,1984-12-31,1984-12-31,1985-04-30,0.061,1.150,1.129,1.067,XON
11850,1984-12-31,1985-03-31,1985-05-31,0.060,1.187,1.150,1.450,XON
11850,1984-12-31,1985-03-31,1985-06-30,0.060,1.187,1.150,1.446,XON
11850,1984-12-31,1985-03-31,1985-07-31,0.060,1.187,1.150,1.409,XON
11850,1984-12-31,1985-06-30,1985-08-31,0.054,1.222,1.119,1.444,XON
11850,1984-12-31,1985-06-30,1985-09-30,0.054,1.222,1.119,1.420,XON
11850,1984-12-31,1985-06-30,1985-10-31,0.054,1.222,1.119,1.505,XON
11850,1984-12-31,1985-09-30,1985-11-30,0.052,1.263,1.063,1.390,XON
11850,1984-12-31,1985-09-30,1985-12-31,0.052,1.263,1.063,1.436,XON
11850,1984-12-31,1985-09-30,1986-01-31,0.052,1.263,1.063,1.348,XON
11850,1985-12-31,1985-12-31,1986-02-28,0.056,1.329,0.909,0.960,XON
11850,1985-12-31,1985-12-31,1986-03-31,0.056,1.329,0.909,1.025,XON
11850,1985-12-31,1985-12-31,1986-04-30,0.056,1.329,0.909,1.041,XON
11850,1985-12-31,1986-03-31,1986-05-31,0.062,1.315,0.950,1.439,XON
11850,1985-12-31,1986-03-31,1986-06-30,0.062,1.315,0.950,1.463,XON
11850,1985-12-31,1986-03-31,1986-07-31,0.062,1.315,0.950,1.460,XON
11850,1985-12-31,1986-06-30,1986-08-31,0.070,1.289,0.914,1.617,XON
11850,1985-12-31,1986-06-30,1986-09-30,0.070,1.289,0.914,1.575,XON
11850,1985-12-31,1986-06-30,1986-10-31,0.070,1.289,0.914,1.593,XON
11850,1985-12-31,1986-09-30,1986-11-30,0.075,1.251,0.925,1.597,XON
11850,1985-12-31,1986-09-30,1986-12-31,0.075,1.251,0.925,1.608,XON
11850,1985-12-31,1986-09-30,1987-01-31,0.075,1.251,0.925,1.898,XON
11850,1986-12-31,1986-12-31,1987-02-28,0.077,1.122,1.072,1.314,XON
11850,1986-12-31,1986-12-31,1987-03-31,0.077,1.122,1.072,1.437,XON
11850,1986-12-31,1986-12-31,1987-04-30,0.077,1.122,1.072,1.452,XON
11850,1986-12-31,1987-03-31,1987-05-31,0.070,1.182,1.029,1.910,XON
11850,1986-12-31,1987-03-31,1987-06-30,0.070,1.182,1.029,2.034,XON
11850,1986-12-31,1987-03-31,1987-07-31,0.070,1.182,1.029,2.053,XON
11850,1986-12-31,1987-06-30,1987-08-31,0.069,1.177,1.080,2.181,XON
11850,1986-12-31,1987-06-30,1987-09-30,0.069,1.177,1.080,2.129,XON
11850,1986-12-31,1987-06-30,1987-10-31,0.069,1.177,1.080,1.866,XON
11850,1986-12-31,1987-09-30,1987-11-30,0.065,1.168,1.099,1.626,XON
11850,1986-12-31,1987-09-30,1987-12-31,0.065,1.168,1.099,1.687,XON
11850,1986-12-31,1987-09-30,1988-01-31,0.065,1.168,1.099,1.859,XON
11850,1987-12-31,1987-12-31,1988-02-29,0.063,1.149,1.006,1.337,XON
11850,1987-12-31,1987-12-31,1988-03-31,0.063,1.149,1.006,1.317,XON
11850,1987-12-31,1987-12-31,1988-04-30,0.063,1.149,1.006,1.407,XON
11850,1987-12-31,1988-03-31,1988-05-31,0.066,1.173,1.058,1.925,XON
11850,1987-12-31,1988-03-31,1988-06-30,0.066,1.173,1.058,1.877,XON
11850,1987-12-31,1988-03-31,1988-07-31,0.066,1.173,1.058,1.960,XON
11850,1987-12-31,1988-06-30,1988-08-31,0.066,1.181,1.024,1.996,XON
11850,1987-12-31,1988-06-30,1988-09-30,0.066,1.181,1.024,1.921,XON
11850,1987-12-31,1988-06-30,1988-10-31,0.066,1.181,1.024,1.921,XON
11850,1987-12-31,1988-09-30,1988-11-30,0.068,1.211,0.980,1.910,XON
11850,1987-12-31,1988-09-30,1988-12-31,0.068,1.211,0.980,1.843,XON
11850,1987-12-31,1988-09-30,1989-01-31,0.068,1.211,0.980,1.943,XON
11850,1988-12-31,1988-12-31,1989-02-28,0.066,1.267,0.849,1.316,XON
11850,1988-12-31,1988-12-31,1989-03-31,0.066,1.267,0.849,1.296,XON
11850,1988-12-31,1988-12-31,1989-04-30,0.066,1.267,0.849,1.274,XON
11850,1988-12-31,1989-03-31,1989-05-31,0.064,1.320,0.878,1.789,XON
11850,1988-12-31,1989-03-31,1989-06-30,0.064,1.320,0.878,1.804,XON
11850,1988-12-31,1989-03-31,1989-07-31,0.064,1.320,0.878,1.876,XON
11850,1988-12-31,1989-06-30,1989-08-31,0.049,1.417,0.824,1.901,XON
11850,1988-12-31,1989-06-30,1989-09-30,0.049,1.417,0.824,1.945,XON
11850,1988-12-31,1989-06-30,1989-10-31,0.049,1.417,0.824,1.999,XON
11850,1988-12-31,1989-09-30,1989-11-30,0.046,1.506,0.797,2.026,XON
11850,1988-12-31,1989-09-30,1989-12-31,0.046,1.506,0.797,2.106,XON
11850,1988-12-31,1989-09-30,1990-01-31,0.046,1.506,0.797,1.979,XON
11850,1989-12-31,1989-12-31,1990-02-28,0.034,1.604,0.754,1.414,XON
11850,1989-12-31,1989-12-31,1990-03-31,0.034,1.604,0.754,1.386,XON
11850,1989-12-31,1989-12-31,1990-04-30,0.034,1.604,0.754,1.360,XON
11850,1989-12-31,1990-03-31,1990-05-31,0.033,1.657,0.767,1.965,XON
11850,1989-12-31,1990-03-31,1990-06-30,0.033,1.657,0.767,1.960,XON
11850,1989-12-31,1990-03-31,1990-07-31,0.033,1.657,0.767,2.124,XON
11850,1989-12-31,1990-06-30,1990-08-31,0.043,1.663,0.767,2.005,XON
11850,1989-12-31,1990-06-30,1990-09-30,0.043,1.663,0.767,1.960,XON
11850,1989-12-31,1990-06-30,1990-10-31,0.043,1.663,0.767,1.960,XON
11850,1989-12-31,1990-09-30,1990-11-30,0.040,1.667,0.756,1.960,XON
11850,1989-12-31,1990-09-30,1990-12-31,0.040,1.667,0.756,2.002,XON
11850,1989-12-31,1990-09-30,1991-01-31,0.040,1.667,0.756,1.997,XON
11850,1990-12-31,1990-12-31,1991-02-28,0.047,1.522,0.763,1.538,XON
11850,1990-12-31,1990-12-31,1991-03-31,0.047,1.522,0.763,1.631,XON
11850,1990-12-31,1990-12-31,1991-04-30,0.047,1.522,0.763,1.658,XON
11850,1990-12-31,1991-03-31,1991-05-31,0.055,1.602,0.775,2.195,XON
11850,1990-12-31,1991-03-31,1991-06-30,0.055,1.602,0.775,2.190,XON
11850,1990-12-31,1991-03-31,1991-07-31,0.055,1.602,0.775,2.237,XON
11850,1990-12-31,1991-06-30,1991-08-31,0.055,1.564,0.793,2.211,XON
11850,1990-12-31,1991-06-30,1991-09-30,0.055,1.564,0.793,2.257,XON
11850,1990-12-31,1991-06-30,1991-10-31,0.055,1.564,0.793,2.314,XON
11850,1990-12-31,1991-09-30,1991-11-30,0.056,1.521,0.817,2.152,XON
11850,1990-12-31,1991-09-30,1991-12-31,0.056,1.521,0.817,2.232,XON
11850,1990-12-31,1991-09-30,1992-01-31,0.056,1.521,0.817,2.136,XON
11850,1991-12-31,1991-12-31,1992-02-29,0.054,1.388,0.816,1.526,XON
11850,1991-12-31,1991-12-31,1992-03-31,0.054,1.388,0.816,1.462,XON
11850,1991-12-31,1991-12-31,1992-04-30,0.054,1.388,0.816,1.602,XON
11850,1991-12-31,1992-03-31,1992-05-31,0.047,1.469,0.829,2.199,XON
11850,1991-12-31,1992-03-31,1992-06-30,0.047,1.469,0.829,2.244,XON
11850,1991-12-31,1992-03-31,1992-07-31,0.047,1.469,0.829,2.303,XON
11850,1991-12-31,1992-06-30,1992-08-31,0.045,1.464,0.823,2.262,XON
11850,1991-12-31,1992-06-30,1992-09-30,0.045,1.464,0.823,2.248,XON
11850,1991-12-31,1992-06-30,1992-10-31,0.045,1.464,0.823,2.156,XON
11850,1991-12-31,1992-09-30,1992-11-30,0.044,1.460,0.825,2.090,XON
11850,1991-12-31,1992-09-30,1992-12-31,0.044,1.460,0.825,2.147,XON
11850,1991-12-31,1992-09-30,1993-01-31,0.044,1.460,0.825,2.147,XON
11850,1992-12-31,1992-12-31,1993-02-28,0.047,1.398,0.835,1.789,XON
11850,1992-12-31,1992-12-31,1993-03-31,0.047,1.398,0.835,1.861,XON
11850,1992-12-31,1992-12-31,1993-04-30,0.047,1.398,0.835,1.857,XON
11850,1992-12-31,1993-03-31,1993-05-31,0.045,1.466,0.836,2.385,XON
11850,1992-12-31,1993-03-31,1993-06-30,0.045,1.466,0.836,2.407,XON
11850,1992-12-31,1993-03-31,1993-07-31,0.045,1.466,0.836,2.389,XON
11850,1992-12-31,1993-06-30,1993-08-31,0.048,1.463,0.844,2.364,XON
11850,1992-12-31,1993-06-30,1993-09-30,0.048,1.463,0.844,2.368,XON
11850,1992-12-31,1993-06-30,1993-10-31,0.048,1.463,0.844,2.363,XON
11850,1992-12-31,1993-09-30,1993-11-30,0.052,1.457,0.841,2.249,XON
11850,1992-12-31,1993-09-30,1993-12-31,0.052,1.457,0.841,2.262,XON
11850,1992-12-31,1993-09-30,1994-01-31,0.052,1.457,0.841,2.383,XON
11850,1993-12-31,1993-12-31,1994-02-28,0.054,1.324,0.799,1.787,XON
11850,1993-12-31,1993-12-31,1994-03-31,0.054,1.324,0.799,1.733,XON
11850,1993-12-31,1993-12-31,1994-04-30,0.054,1.324,0.799,1.733,XON
11850,1993-12-31,1994-03-31,1994-05-31,0.054,1.416,0.830,2.153,XON
11850,1993-12-31,1994-03-31,1994-06-30,0.054,1.416,0.830,1.999,XON
11850,1993-12-31,1994-03-31,1994-07-31,0.054,1.416,0.830,2.096,XON
11850,1993-12-31,1994-06-30,1994-08-31,0.051,1.401,0.830,2.060,XON
11850,1993-12-31,1994-06-30,1994-09-30,0.051,1.401,0.830,1.991,XON
11850,1993-12-31,1994-06-30,1994-10-31,0.051,1.401,0.830,2.177,XON
11850,1993-12-31,1994-09-30,1994-11-30,0.048,1.389,0.835,2.053,XON
11850,1993-12-31,1994-09-30,1994-12-31,0.048,1.389,0.835,2.065,XON
11850,1993-12-31,1994-09-30,1995-01-31,0.048,1.389,0.835,2.125,XON
11850,1994-12-31,1994-12-31,1995-02-28,0.051,1.272,0.844,1.642,XON
11850,1994-12-31,1994-12-31,1995-03-31,0.051,1.272,0.844,1.713,XON
11850,1994-12-31,1994-12-31,1995-04-30,0.051,1.272,0.844,1.787,XON
11850,1994-12-31,1995-03-31,1995-05-31,0.054,1.355,0.868,2.262,XON
11850,1994-12-31,1995-03-31,1995-06-30,0.054,1.355,0.868,2.239,XON
11850,1994-12-31,1995-03-31,1995-07-31,0.054,1.355,0.868,2.299,XON
11850,1994-12-31,1995-06-30,1995-08-31,0.060,1.325,0.887,2.135,XON
11850,1994-12-31,1995-06-30,1995-09-30,0.060,1.325,0.887,2.243,XON
11850,1994-12-31,1995-06-30,1995-10-31,0.060,1.325,0.887,2.371,XON
11850,1994-12-31,1995-09-30,1995-11-30,0.062,1.291,0.908,2.400,XON
11850,1994-12-31,1995-09-30,1995-12-31,0.062,1.291,0.908,2.516,XON
11850,1994-12-31,1995-09-30,1996-01-31,0.062,1.291,0.908,2.489,XON
11850,1995-12-31,1995-12-31,1996-02-29,0.060,1.191,0.924,1.883,XON
11850,1995-12-31,1995-12-31,1996-03-31,0.060,1.191,0.924,1.931,XON
11850,1995-12-31,1995-12-31,1996-04-30,0.060,1.191,0.924,2.014,XON
11850,1995-12-31,1996-03-31,1996-05-31,0.061,1.251,0.945,2.566,XON
11850,1995-12-31,1996-03-31,1996-06-30,0.061,1.251,0.945,2.630,XON
11850,1995-12-31,1996-03-31,1996-07-31,0.061,1.251,0.945,2.490,XON
11850,1995-12-31,1996-06-30,1996-08-31,0.061,1.240,0.960,2.446,XON
11850,1995-12-31,1996-06-30,1996-09-30,0.061,1.240,0.960,2.499,XON
11850,1995-12-31,1996-06-30,1996-10-31,0.061,1.240,0.960,2.660,XON
11850,1995-12-31,1996-09-30,1996-11-30,0.060,1.233,0.960,2.804,XON
11850,1995-12-31,1996-09-30,1996-12-31,0.060,1.233,0.960,2.912,XON
11850,1995-12-31,1996-09-30,1997-01-31,0.060,1.233,0.960,3.079,XON
11850,1996-12-31,1996-12-31,1997-02-28,0.064,1.142,1.021,2.195,XON
11850,1996-12-31,1996-12-31,1997-03-31,0.064,1.142,1.021,2.360,XON
11850,1996-12-31,1996-12-31,1997-04-30,0.064,1.142,1.021,2.480,XON
11850,1996-12-31,1997-03-31,1997-05-31,0.065,1.202,1.022,3.369,XON
11850,1996-12-31,1997-03-31,1997-06-30,0.065,1.202,1.022,3.483,XON
11850,1996-12-31,1997-03-31,1997-07-31,0.065,1.202,1.022,3.653,XON
11850,1996-12-31,1997-06-30,1997-08-31,0.067,1.185,1.052,3.455,XON
11850,1996-12-31,1997-06-30,1997-09-30,0.067,1.185,1.052,3.618,XON
11850,1996-12-31,1997-06-30,1997-10-31,0.067,1.185,1.052,3.470,XON
11850,1996-12-31,1997-09-30,1997-11-30,0.069,1.187,1.084,3.469,XON
11850,1996-12-31,1997-09-30,1997-12-31,0.069,1.187,1.084,3.480,XON
11850,1996-12-31,1997-09-30,1998-01-31,0.069,1.187,1.084,3.373,XON
11850,1997-12-31,1997-12-31,1998-02-28,0.070,1.141,1.078,2.762,XON
11850,1997-12-31,1997-12-31,1998-03-31,0.070,1.141,1.078,2.910,XON
11850,1997-12-31,1997-12-31,1998-04-30,0.070,1.141,1.078,3.144,XON
11850,1997-12-31,1998-03-31,1998-05-31,0.071,1.181,1.084,3.943,XON
11850,1997-12-31,1998-03-31,1998-06-30,0.071,1.181,1.084,3.992,XON
11850,1997-12-31,1998-03-31,1998-07-31,0.071,1.181,1.084,3.929,XON
11850,1997-12-31,1998-06-30,1998-08-31,0.071,1.177,1.068,3.681,XON
11850,1997-12-31,1998-06-30,1998-09-30,0.071,1.177,1.068,3.973,XON
11850,1997-12-31,1998-06-30,1998-10-31,0.071,1.177,1.068,4.029,XON
11850,1997-12-31,1998-09-30,1998-11-30,0.067,1.161,1.041,4.167,XON
11850,1997-12-31,1998-09-30,1998-12-31,0.067,1.161,1.041,4.063,XON
11850,1997-12-31,1998-09-30,1999-01-31,0.067,1.161,1.041,3.903,XON
11850,1998-12-31,1998-12-31,1999-02-28,0.064,1.073,0.906,2.850,XON
11850,1998-12-31,1998-12-31,1999-03-31,0.064,1.073,0.906,3.017,XON
11850,1998-12-31,1998-12-31,1999-04-30,0.064,1.073,0.906,3.551,XON
11850,1998-12-31,1999-03-31,1999-05-31,0.051,1.128,0.947,4.510,XON
11850,1998-12-31,1999-03-31,1999-06-30,0.051,1.128,0.947,4.354,XON
11850,1998-12-31,1999-03-31,1999-07-31,0.051,1.128,0.947,4.481,XON
11850,1998-12-31,1999-06-30,1999-08-31,0.049,1.123,0.896,4.476,XON
11850,1998-12-31,1999-06-30,1999-09-30,0.049,1.123,0.896,4.313,XON
11850,1998-12-31,1999-06-30,1999-10-31,0.049,1.123,0.896,4.203,XON
11850,1998-12-31,1999-09-30,1999-11-30,0.047,1.117,0.864,4.396,XON
11850,1998-12-31,1999-09-30,1999-12-31,0.047,1.117,0.864,6.367,XON
11850,1998-12-31,1999-09-30,2000-01-31,0.047,1.117,0.864,6.594,XON
11850,1999-12-31,1999-12-31,2000-02-29,0.049,1.219,0.804,3.270,XOM
11850,1999-12-31,1999-12-31,2000-03-31,0.049,1.219,0.804,3.402,XOM
11850,1999-12-31,1999-12-31,2000-04-30,0.049,1.219,0.804,3.391,XOM
11850,1999-12-31,2000-03-31,2000-05-31,0.054,1.187,0.836,4.489,XOM
11850,1999-12-31,2000-03-31,2000-06-30,0.054,1.187,0.836,4.230,XOM
11850,1999-12-31,2000-03-31,2000-07-31,0.054,1.187,0.836,4.311,XOM
11850,1999-12-31,2000-06-30,2000-08-31,0.061,1.198,0.871,4.248,XOM
11850,1999-12-31,2000-06-30,2000-09-30,0.061,1.198,0.871,4.639,XOM
11850,1999-12-31,2000-06-30,2000-10-31,0.061,1.198,0.871,4.642,XOM
11850,1999-12-31,2000-09-30,2000-11-30,0.068,1.200,0.907,4.491,XOM
11850,1999-12-31,2000-09-30,2000-12-31,0.068,1.200,0.907,4.437,XOM
11850,1999-12-31,2000-09-30,2001-01-31,0.068,1.200,0.907,4.295,XOM
11850,2000-12-31,2000-12-31,2001-02-28,0.078,1.060,1.058,3.231,XOM
11850,2000-12-31,2000-12-31,2001-03-31,0.078,1.060,1.058,3.210,XOM
11850,2000-12-31,2000-12-31,2001-04-30,0.078,1.060,1.058,3.512,XOM
11850,2000-12-31,2001-03-31,2001-05-31,0.086,1.123,1.036,3.470,XOM
11850,2000-12-31,2001-03-31,2001-06-30,0.086,1.123,1.036,3.415,XOM
11850,2000-12-31,2001-03-31,2001-07-31,0.086,1.123,1.036,3.265,XOM
11850,2000-12-31,2001-06-30,2001-08-31,0.087,1.081,1.085,3.107,XOM
11850,2000-12-31,2001-06-30,2001-09-30,0.087,1.081,1.085,3.049,XOM
11850,2000-12-31,2001-06-30,2001-10-31,0.087,1.081,1.085,3.053,XOM
11850,2000-12-31,2001-09-30,2001-11-30,0.085,1.039,1.129,2.844,XOM
11850,2000-12-31,2001-09-30,2001-12-31,0.085,1.039,1.129,2.988,XOM
11850,2000-12-31,2001-09-30,2002-01-31,0.085,1.039,1.129,2.969,XOM
11850,2001-12-31,2001-12-31,2002-02-28,0.081,0.918,1.185,3.156,XOM
11850,2001-12-31,2001-12-31,2002-03-31,0.081,0.918,1.185,3.349,XOM
11850,2001-12-31,2001-12-31,2002-04-30,0.081,0.918,1.185,3.048,XOM
11850,2001-12-31,2002-03-31,2002-05-31,0.070,0.977,1.171,3.059,XOM
11850,2001-12-31,2002-03-31,2002-06-30,0.070,0.977,1.171,3.135,XOM
11850,2001-12-31,2002-03-31,2002-07-31,0.070,0.977,1.171,2.816,XOM
11850,2001-12-31,2002-06-30,2002-08-31,0.062,0.965,1.171,2.590,XOM
11850,2001-12-31,2002-06-30,2002-09-30,0.062,0.965,1.171,2.330,XOM
11850,2001-12-31,2002-06-30,2002-10-31,0.062,0.965,1.171,2.459,XOM
11850,2001-12-31,2002-09-30,2002-11-30,0.059,0.964,1.154,2.566,XOM
11850,2001-12-31,2002-09-30,2002-12-31,0.059,0.964,1.154,2.576,XOM
11850,2001-12-31,2002-09-30,2003-01-31,0.059,0.964,1.154,2.507,XOM
11850,2002-12-31,2002-12-31,2003-02-28,0.062,1.009,1.154,2.503,XOM
11850,2002-12-31,2002-12-31,2003-03-31,0.062,1.009,1.154,2.567,XOM
11850,2002-12-31,2002-12-31,2003-04-30,0.062,1.009,1.154,2.586,XOM
11850,2002-12-31,2003-03-31,2003-05-31,0.079,1.007,1.158,2.511,XOM
11850,2002-12-31,2003-03-31,2003-06-30,0.079,1.007,1.158,2.477,XOM
11850,2002-12-31,2003-03-31,2003-07-31,0.079,1.007,1.158,2.454,XOM
11850,2002-12-31,2003-06-30,2003-08-31,0.084,1.013,1.170,2.499,XOM
11850,2002-12-31,2003-06-30,2003-09-30,0.084,1.013,1.170,2.426,XOM
11850,2002-12-31,2003-06-30,2003-10-31,0.084,1.013,1.170,2.425,XOM
11850,2002-12-31,2003-09-30,2003-11-30,0.087,1.011,1.169,2.358,XOM
11850,2002-12-31,2003-09-30,2003-12-31,0.087,1.011,1.169,2.670,XOM
11850,2002-12-31,2003-09-30,2004-01-31,0.087,1.011,1.169,2.640,XOM
11850,2003-12-31,2003-12-31,2004-02-29,0.098,0.901,1.197,2.517,XOM
11850,2003-12-31,2003-12-31,2004-03-31,0.098,0.901,1.197,2.479,XOM
11850,2003-12-31,2003-12-31,2004-04-30,0.098,0.901,1.197,2.529,XOM
11850,2003-12-31,2004-03-31,2004-05-31,0.091,0.964,1.192,2.533,XOM
11850,2003-12-31,2004-03-31,2004-06-30,0.091,0.964,1.192,2.601,XOM
11850,2003-12-31,2004-03-31,2004-07-31,0.091,0.964,1.192,2.712,XOM
11850,2003-12-31,2004-06-30,2004-08-31,0.093,0.948,1.221,2.653,XOM
11850,2003-12-31,2004-06-30,2004-09-30,0.093,0.948,1.221,2.781,XOM
11850,2003-12-31,2004-06-30,2004-10-31,0.093,0.948,1.221,2.832,XOM
11850,2003-12-31,2004-09-30,2004-11-30,0.096,0.942,1.270,2.873,XOM
11850,2003-12-31,2004-09-30,2004-12-31,0.096,0.942,1.270,2.873,XOM
11850,2003-12-31,2004-09-30,2005-01-31,0.096,0.942,1.270,2.892,XOM
11850,2004-12-31,2004-12-31,2005-02-28,0.096,0.880,1.405,3.291,XOM
11850,2004-12-31,2004-12-31,2005-03-31,0.096,0.880,1.405,3.098,XOM
11850,2004-12-31,2004-12-31,2005-04-30,0.096,0.880,1.405,2.966,XOM
11850,2004-12-31,2005-03-31,2005-05-31,0.100,0.929,1.369,2.875,XOM
11850,2004-12-31,2005-03-31,2005-06-30,0.100,0.929,1.369,2.940,XOM
11850,2004-12-31,2005-03-31,2005-07-31,0.100,0.929,1.369,3.006,XOM
11850,2004-12-31,2005-06-30,2005-08-31,0.101,0.928,1.413,3.029,XOM
11850,2004-12-31,2005-06-30,2005-09-30,0.101,0.928,1.413,3.213,XOM
11850,2004-12-31,2005-06-30,2005-10-31,0.101,0.928,1.413,2.839,XOM
11850,2004-12-31,2005-09-30,2005-11-30,0.108,0.924,1.452,2.812,XOM
11850,2004-12-31,2005-09-30,2005-12-31,0.108,0.924,1.452,2.722,XOM
11850,2004-12-31,2005-09-30,2006-01-31,0.108,0.924,1.452,2.997,XOM
11850,2005-12-31,2005-12-31,2006-02-28,0.110,0.842,1.584,2.745,XOM
11850,2005-12-31,2005-12-31,2006-03-31,0.110,0.842,1.584,2.814,XOM
11850,2005-12-31,2005-12-31,2006-04-30,0.110,0.842,1.584,2.909,XOM
11850,2005-12-31,2006-03-31,2006-05-31,0.110,0.908,1.517,2.743,XOM
11850,2005-12-31,2006-03-31,2006-06-30,0.110,0.908,1.517,2.763,XOM
11850,2005-12-31,2006-03-31,2006-07-31,0.110,0.908,1.517,2.997,XOM
11850,2005-12-31,2006-06-30,2006-08-31,0.115,0.904,1.535,2.914,XOM
11850,2005-12-31,2006-06-30,2006-09-30,0.115,0.904,1.535,2.890,XOM
11850,2005-12-31,2006-06-30,2006-10-31,0.115,0.904,1.535,3.017,XOM
11850,2005-12-31,2006-09-30,2006-11-30,0.116,0.899,1.540,3.256,XOM
11850,2005-12-31,2006-09-30,2006-12-31,0.116,0.899,1.540,3.248,XOM
11850,2005-12-31,2006-09-30,2007-01-31,0.116,0.899,1.540,3.141,XOM
11850,2006-12-31,2006-12-31,2007-02-28,0.118,0.890,1.552,3.030,XOM
11850,2006-12-31,2006-12-31,2007-03-31,0.118,0.890,1.552,3.179,XOM
11850,2006-12-31,2006-12-31,2007-04-30,0.118,0.890,1.552,3.320,XOM
11850,2006-12-31,2007-03-31,2007-05-31,0.121,0.919,1.537,3.467,XOM
11850,2006-12-31,2007-03-31,2007-06-30,0.121,0.919,1.537,3.497,XOM
11850,2006-12-31,2007-03-31,2007-07-31,0.121,0.919,1.537,3.494,XOM
11850,2006-12-31,2007-06-30,2007-08-31,0.121,0.933,1.535,3.448,XOM
11850,2006-12-31,2007-06-30,2007-09-30,0.121,0.933,1.535,3.723,XOM
11850,2006-12-31,2007-06-30,2007-10-31,0.121,0.933,1.535,3.700,XOM
11850,2006-12-31,2007-09-30,2007-11-30,0.117,0.952,1.543,3.457,XOM
11850,2006-12-31,2007-09-30,2007-12-31,0.117,0.952,1.543,3.632,XOM
11850,2006-12-31,2007-09-30,2008-01-31,0.117,0.952,1.543,3.350,XOM
11850,2007-12-31,2007-12-31,2008-02-29,0.113,0.953,1.474,3.218,XOM
11850,2007-12-31,2007-12-31,2008-03-31,0.113,0.953,1.474,3.128,XOM
11850,2007-12-31,2007-12-31,2008-04-30,0.113,0.953,1.474,3.430,XOM
11850,2007-12-31,2008-03-31,2008-05-31,0.109,1.003,1.475,3.187,XOM
11850,2007-12-31,2008-03-31,2008-06-30,0.109,1.003,1.475,3.165,XOM
11850,2007-12-31,2008-03-31,2008-07-31,0.109,1.003,1.475,2.888,XOM
11850,2007-12-31,2008-06-30,2008-08-31,0.103,1.047,1.421,2.787,XOM
11850,2007-12-31,2008-06-30,2008-09-30,0.103,1.047,1.421,2.705,XOM
11850,2007-12-31,2008-06-30,2008-10-31,0.103,1.047,1.421,2.528,XOM
11850,2007-12-31,2008-09-30,2008-11-30,0.108,1.058,1.400,2.744,XOM
11850,2007-12-31,2008-09-30,2008-12-31,0.108,1.058,1.400,2.734,XOM
11850,2007-12-31,2008-09-30,2009-01-31,0.108,1.058,1.400,2.619,XOM
11850,2008-12-31,2008-12-31,2009-02-28,0.106,0.978,1.472,2.546,XOM
11850,2008-12-31,2008-12-31,2009-03-31,0.106,0.978,1.472,2.536,XOM
11850,2008-12-31,2008-12-31,2009-04-30,0.106,0.978,1.472,2.474,XOM
11850,2008-12-31,2009-03-31,2009-05-31,0.103,1.052,1.385,2.663,XOM
11850,2008-12-31,2009-03-31,2009-06-30,0.103,1.052,1.385,2.685,XOM
11850,2008-12-31,2009-03-31,2009-07-31,0.103,1.052,1.385,2.662,XOM
11850,2008-12-31,2009-06-30,2009-08-31,0.098,1.032,1.343,2.587,XOM
11850,2008-12-31,2009-06-30,2009-09-30,0.098,1.032,1.343,2.567,XOM
11850,2008-12-31,2009-06-30,2009-10-31,0.098,1.032,1.343,2.648,XOM
11850,2008-12-31,2009-09-30,2009-11-30,0.078,1.043,1.250,2.731,XOM
11850,2008-12-31,2009-09-30,2009-12-31,0.078,1.043,1.250,2.472,XOM
11850,2008-12-31,2009-09-30,2010-01-31,0.078,1.043,1.250,2.336,XOM
11850,2009-12-31,2009-12-31,2010-02-28,0.070,1.067,1.061,2.295,XOM
11850,2009-12-31,2009-12-31,2010-03-31,0.070,1.067,1.061,2.365,XOM
11850,2009-12-31,2009-12-31,2010-04-30,0.070,1.067,1.061,2.381,XOM
11850,2009-12-31,2010-03-31,2010-05-31,0.070,1.084,1.091,2.078,XOM
11850,2009-12-31,2010-03-31,2010-06-30,0.070,1.084,1.091,2.136,XOM
11850,2009-12-31,2010-03-31,2010-07-31,0.070,1.084,1.091,2.231,XOM
11850,2009-12-31,2010-06-30,2010-08-31,0.078,1.075,1.072,1.725,XOM
11850,2009-12-31,2010-06-30,2010-09-30,0.078,1.075,1.072,1.803,XOM
11850,2009-12-31,2010-06-30,2010-10-31,0.078,1.075,1.072,1.922,XOM
11850,2009-12-31,2010-09-30,2010-11-30,0.083,1.059,1.054,1.945,XOM
11850,2009-12-31,2010-09-30,2010-12-31,0.083,1.059,1.054,2.045,XOM
11850,2009-12-31,2010-09-30,2011-01-31,0.083,1.059,1.054,2.256,XOM
11850,2010-12-31,2010-12-31,2011-02-28,0.089,1.020,0.942,2.330,XOM
11850,2010-12-31,2010-12-31,2011-03-31,0.089,1.020,0.942,2.292,XOM
11850,2010-12-31,2010-12-31,2011-04-30,0.089,1.020,0.942,2.381,XOM
11850,2010-12-31,2011-03-31,2011-05-31,0.096,1.040,1.000,2.192,XOM
11850,2010-12-31,2011-03-31,2011-06-30,0.096,1.040,1.000,2.137,XOM
11850,2010-12-31,2011-03-31,2011-07-31,0.096,1.040,1.000,2.068,XOM
11850,2010-12-31,2011-06-30,2011-08-31,0.097,1.045,0.976,1.867,XOM
11850,2010-12-31,2011-06-30,2011-09-30,0.097,1.045,0.976,1.832,XOM
11850,2010-12-31,2011-06-30,2011-10-31,0.097,1.045,0.976,1.970,XOM
11850,2010-12-31,2011-09-30,2011-11-30,0.098,1.045,0.954,2.000,XOM
11850,2010-12-31,2011-09-30,2011-12-31,0.098,1.045,0.954,2.107,XOM
11850,2010-12-31,2011-09-30,2012-01-31,0.098,1.045,0.954,2.082,XOM
11850,2011-12-31,2011-12-31,2012-02-29,0.095,1.103,0.941,2.134,XOM
11850,2011-12-31,2011-12-31,2012-03-31,0.095,1.103,0.941,2.140,XOM
11850,2011-12-31,2011-12-31,2012-04-30,0.095,1.103,0.941,2.126,XOM
11850,2011-12-31,2012-03-31,2012-05-31,0.090,1.086,0.947,1.902,XOM
11850,2011-12-31,2012-03-31,2012-06-30,0.090,1.086,0.947,2.070,XOM
11850,2011-12-31,2012-03-31,2012-07-31,0.090,1.086,0.947,2.101,XOM
11850,2011-12-31,2012-06-30,2012-08-31,0.104,1.070,0.963,2.018,XOM
11850,2011-12-31,2012-06-30,2012-09-30,0.104,1.070,0.963,2.114,XOM
11850,2011-12-31,2012-06-30,2012-10-31,0.104,1.070,0.963,2.108,XOM
11850,2011-12-31,2012-09-30,2012-11-30,0.104,1.054,0.988,1.966,XOM
11850,2011-12-31,2012-09-30,2012-12-31,0.104,1.054,0.988,1.931,XOM
11850,2011-12-31,2012-09-30,2013-01-31,0.104,1.054,0.988,2.007,XOM
11850,2012-12-31,2012-12-31,2013-02-28,0.107,0.978,1.005,1.972,XOM
11850,2012-12-31,2012-12-31,2013-03-31,0.107,0.978,1.005,1.985,XOM
11850,2012-12-31,2012-12-31,2013-04-30,0.107,0.978,1.005,1.945,XOM
11850,2012-12-31,2013-03-31,2013-05-31,0.111,0.986,0.991,1.955,XOM
11850,2012-12-31,2013-03-31,2013-06-30,0.111,0.986,0.991,1.953,XOM
11850,2012-12-31,2013-03-31,2013-07-31,0.111,0.986,0.991,2.026,XOM
11850,2012-12-31,2013-06-30,2013-08-31,0.091,0.994,0.946,1.875,XOM
11850,2012-12-31,2013-06-30,2013-09-30,0.091,0.994,0.946,1.851,XOM
11850,2012-12-31,2013-06-30,2013-10-31,0.091,0.994,0.946,1.928,XOM
11850,2012-12-31,2013-09-30,2013-11-30,0.087,1.005,0.898,1.956,XOM
11850,2012-12-31,2013-09-30,2013-12-31,0.087,1.005,0.898,2.118,XOM
11850,2012-12-31,2013-09-30,2014-01-31,0.087,1.005,0.898,1.914,XOM
11850,2013-12-31,2013-12-31,2014-02-28,0.083,0.956,0.827,1.939,XOM
11850,2013-12-31,2013-12-31,2014-03-31,0.083,0.956,0.827,1.968,XOM
11850,2013-12-31,2013-12-31,2014-04-30,0.083,0.956,0.827,2.058,XOM
11850,2013-12-31,2014-03-31,2014-05-31,0.083,0.990,0.854,1.988,XOM
11850,2013-12-31,2014-03-31,2014-06-30,0.083,0.990,0.854,1.991,XOM
11850,2013-12-31,2014-03-31,2014-07-31,0.083,0.990,0.854,1.956,XOM
11850,2013-12-31,2014-06-30,2014-08-31,0.087,0.969,0.868,1.909,XOM
11850,2013-12-31,2014-06-30,2014-09-30,0.087,0.969,0.868,1.805,XOM
11850,2013-12-31,2014-06-30,2014-10-31,0.087,0.969,0.868,1.857,XOM
11850,2013-12-31,2014-09-30,2014-11-30,0.089,0.944,0.879,1.729,XOM
11850,2013-12-31,2014-09-30,2014-12-31,0.089,0.944,0.879,1.766,XOM
11850,2013-12-31,2014-09-30,2015-01-31,0.089,0.944,0.879,1.670,XOM
11850,2014-12-31,2014-12-31,2015-02-28,0.089,0.966,0.819,1.739,XOM
11850,2014-12-31,2014-12-31,2015-03-31,0.089,0.966,0.819,1.669,XOM
11850,2014-12-31,2014-12-31,2015-04-30,0.089,0.966,0.819,1.713,XOM
11850,2014-12-31,2015-03-31,2015-05-31,0.086,0.947,0.883,1.695,XOM
11850,2014-12-31,2015-03-31,2015-06-30,0.086,0.947,0.883,1.655,XOM
11850,2014-12-31,2015-03-31,2015-07-31,0.086,0.947,0.883,1.576,XOM
11850,2014-12-31,2015-06-30,2015-08-31,0.080,0.956,0.873,1.479,XOM
11850,2014-12-31,2015-06-30,2015-09-30,0.080,0.956,0.873,1.462,XOM
11850,2014-12-31,2015-06-30,2015-10-31,0.080,0.956,0.873,1.627,XOM
11850,2014-12-31,2015-09-30,2015-11-30,0.076,0.968,0.866,1.627,XOM
11850,2014-12-31,2015-09-30,2015-12-31,0.076,0.968,0.866,1.553,XOM
11850,2014-12-31,2015-09-30,2016-01-31,0.076,0.968,0.866,1.551,XOM
11850,2015-12-31,2015-12-31,2016-02-29,0.068,0.936,0.790,1.603,XOM
11850,2015-12-31,2015-12-31,2016-03-31,0.068,0.936,0.790,1.672,XOM
11850,2015-12-31,2015-12-31,2016-04-30,0.068,0.936,0.790,1.767,XOM
11850,2015-12-31,2016-03-31,2016-05-31,0.059,0.958,0.860,1.771,XOM
11850,2015-12-31,2016-03-31,2016-06-30,0.059,0.958,0.860,1.864,XOM
11850,2015-12-31,2016-03-31,2016-07-31,0.059,0.958,0.860,1.769,XOM
11850,2015-12-31,2016-06-30,2016-08-31,0.051,0.955,0.861,1.749,XOM
11850,2015-12-31,2016-06-30,2016-09-30,0.051,0.955,0.861,1.752,XOM
11850,2015-12-31,2016-06-30,2016-10-31,0.051,0.955,0.861,1.672,XOM
11850,2015-12-31,2016-09-30,2016-11-30,0.045,0.953,0.860,1.762,XOM
11850,2015-12-31,2016-09-30,2016-12-31,0.045,0.953,0.860,1.822,XOM
11850,2015-12-31,2016-09-30,2017-01-31,0.045,0.953,0.860,1.693,XOM
11850,2016-12-31,2016-12-31,2017-02-28,0.040,0.935,0.869,1.675,XOM
11850,2016-12-31,2016-12-31,2017-03-31,0.040,0.935,0.869,1.689,XOM
11850,2016-12-31,2016-12-31,2017-04-30,0.040,0.935,0.869,1.719,XOM
11850,2016-12-31,2017-03-31,2017-05-31,0.047,0.941,0.856,1.610,XOM
11850,2016-12-31,2017-03-31,2017-06-30,0.047,0.941,0.856,1.614,XOM
11850,2016-12-31,2017-03-31,2017-07-31,0.047,0.941,0.856,1.600,XOM
11850,2016-12-31,2017-06-30,2017-08-31,0.054,0.917,0.840,1.513,XOM
11850,2016-12-31,2017-06-30,2017-09-30,0.054,0.917,0.840,1.625,XOM
11850,2016-12-31,2017-06-30,2017-10-31,0.054,0.917,0.840,1.652,XOM
11850,2016-12-31,2017-09-30,2017-11-30,0.058,0.899,0.838,1.629,XOM
11850,2016-12-31,2017-09-30,2017-12-31,0.058,0.899,0.838,1.635,XOM
11850,2016-12-31,2017-09-30,2018-01-31,0.058,0.899,0.838,1.707,XOM
11850,2017-12-31,2017-12-31,2018-02-28,0.083,0.822,0.816,1.496,XOM
11850,2017-12-31,2017-12-31,2018-03-31,0.083,0.822,0.816,1.473,XOM
11850,2017-12-31,2017-12-31,2018-04-30,0.083,0.822,0.816,1.534,XOM
11850,2017-12-31,2018-03-31,2018-05-31,0.083,0.848,0.823,1.600,XOM
11850,2017-12-31,2018-03-31,2018-06-30,0.083,0.848,0.823,1.629,XOM
11850,2017-12-31,2018-03-31,2018-07-31,0.083,0.848,0.823,1.606,XOM
11850,2017-12-31,2018-06-30,2018-08-31,0.080,0.837,0.818,1.586,XOM
11850,2017-12-31,2018-06-30,2018-09-30,0.080,0.837,0.818,1.682,XOM
11850,2017-12-31,2018-06-30,2018-10-31,0.080,0.837,0.818,1.576,XOM
11850,2017-12-31,2018-09-30,2018-11-30,0.084,0.824,0.814,1.548,XOM
11850,2017-12-31,2018-09-30,2018-12-31,0.084,0.824,0.814,1.328,XOM
11850,2017-12-31,2018-09-30,2019-01-31,0.084,0.824,0.814,1.427,XOM
11850,2018-12-31,2018-12-31,2019-02-28,0.075,0.770,0.840,1.529,XOM
11850,2018-12-31,2018-12-31,2019-03-31,0.075,0.770,0.840,1.563,XOM
11850,2018-12-31,2018-12-31,2019-04-30,0.075,0.770,0.840,1.551,XOM
11850,2018-12-31,2019-03-31,2019-05-31,0.067,0.814,0.811,1.370,XOM
11850,2018-12-31,2019-03-31,2019-06-30,0.067,0.814,0.811,1.484,XOM
11850,2018-12-31,2019-03-31,2019-07-31,0.067,0.814,0.811,1.440,XOM
11850,2018-12-31,2019-06-30,2019-08-31,0.065,0.818,0.791,1.328,XOM
11850,2018-12-31,2019-06-30,2019-09-30,0.065,0.818,0.791,1.369,XOM
11850,2018-12-31,2019-06-30,2019-10-31,0.065,0.818,0.791,1.310,XOM
11850,2018-12-31,2019-09-30,2019-11-30,0.056,0.825,0.779,1.332,XOM
11850,2018-12-31,2019-09-30,2019-12-31,0.056,0.825,0.779,1.364,XOM
11850,2018-12-31,2019-09-30,2020-01-31,0.056,0.825,0.779,1.215,XOM
11850,2019-12-31,2019-12-31,2020-02-29,0.056,0.854,0.782,1.002,XOM
11850,2019-12-31,2019-12-31,2020-03-31,0.056,0.854,0.782,0.740,XOM
11850,2019-12-31,2019-12-31,2020-04-30,0.056,0.854,0.782,0.905,XOM
11850,2019-12-31,2020-03-31,2020-05-31,0.046,0.868,0.768,0.929,XOM
11850,2019-12-31,2020-03-31,2020-06-30,0.046,0.868,0.768,0.914,XOM
11850,2019-12-31,2020-03-31,2020-07-31,0.046,0.868,0.768,0.860,XOM
11850,2019-12-31,2020-06-30,2020-08-31,0.034,0.897,0.813,0.824,XOM
11850,2019-12-31,2020-06-30,2020-09-30,0.034,0.897,0.813,0.708,XOM
11850,2019-12-31,2020-06-30,2020-10-31,0.034,0.897,0.813,0.673,XOM
11850,2019-12-31,2020-09-30,2020-11-30,0.017,0.928,0.833,0.799,XOM
11850,2019-12-31,2020-09-30,2020-12-31,0.017,0.928,0.833,0.863,XOM
11850,2019-12-31,2020-09-30,2021-01-31,0.017,0.928,0.833,0.939,XOM
11850,2020-12-31,2020-12-31,2021-02-28,-0.126,1.073,0.796,1.313,XOM
11850,2020-12-31,2020-12-31,2021-03-31,-0.126,1.073,0.796,1.348,XOM
11850,2020-12-31,2020-12-31,2021-04-30,-0.126,1.073,0.796,1.381,XOM
11850,2020-12-31,2021-03-31,2021-05-31,-0.106,1.021,0.846,1.411,XOM
11850,2020-12-31,2021-03-31,2021-06-30,-0.106,1.021,0.846,1.525,XOM
11850,2020-12-31,2021-03-31,2021-07-31,-0.106,1.021,0.846,1.392,XOM
11850,2020-12-31,2021-06-30,2021-08-31,-0.062,1.051,0.827,1.303,XOM
11850,2020-12-31,2021-06-30,2021-09-30,-0.062,1.051,0.827,1.406,XOM
11850,2020-12-31,2021-06-30,2021-10-31,-0.062,1.051,0.827,1.541,XOM
11850,2020-12-31,2021-09-30,2021-11-30,-0.024,1.073,0.837,1.411,XOM
11850,2020-12-31,2021-09-30,2021-12-31,-0.024,1.073,0.837,1.442,XOM
11850,2020-12-31,2021-09-30,2022-01-31,-0.024,1.073,0.837,1.791,XOM
11850,2021-12-31,2021-12-31,2022-02-28,0.083,0.968,1.044,1.759,XOM
11850,2021-12-31,2021-12-31,2022-03-31,0.083,0.968,1.044,1.853,XOM
11850,2021-12-31,2021-12-31,2022-04-30,0.083,0.968,1.044,1.909,XOM
11850,2021-12-31,2022-03-31,2022-05-31,0.084,1.039,0.968,2.143,XOM
11850,2021-12-31,2022-03-31,2022-06-30,0.084,1.039,0.968,1.911,XOM
11850,2021-12-31,2022-03-31,2022-07-31,0.084,1.039,0.968,2.164,XOM
11850,2021-12-31,2022-06-30,2022-08-31,0.111,1.027,1.053,2.011,XOM
11850,2021-12-31,2022-06-30,2022-09-30,0.111,1.027,1.053,1.837,XOM
11850,2021-12-31,2022-06-30,2022-10-31,0.111,1.027,1.053,2.331,XOM
11850,2021-12-31,2022-09-30,2022-11-30,0.134,1.001,1.163,2.211,XOM
11850,2021-12-31,2022-09-30,2022-12-31,0.134,1.001,1.163,2.190,XOM
11850,2021-12-31,2022-09-30,2023-01-31,0.134,1.001,1.163,2.304,XOM
11850,2022-12-31,2022-12-31,2023-02-28,0.140,0.854,1.414,2.077,XOM
11850,2022-12-31,2022-12-31,2023-03-31,0.140,0.854,1.414,2.049,XOM
11850,2022-12-31,2022-12-31,2023-04-30,0.140,0.854,1.414,2.211,XOM
11850,2022-12-31,2023-03-31,2023-05-31,0.156,0.911,1.336,1.862,XOM
11850,2022-12-31,2023-03-31,2023-06-30,0.156,0.911,1.336,1.954,XOM
11850,2022-12-31,2023-03-31,2023-07-31,0.156,0.911,1.336,1.954,XOM
11850,2022-12-31,2023-06-30,2023-08-31,0.142,0.851,1.421,2.000,XOM
11850,2022-12-31,2023-06-30,2023-09-30,0.142,0.851,1.421,2.115,XOM
11850,2022-12-31,2023-06-30,2023-10-31,0.142,0.851,1.421,1.885,XOM
11850,2022-12-31,2023-09-30,2023-11-30,0.119,0.821,1.443,1.841,XOM
11850,2022-12-31,2023-09-30,2023-12-31,0.119,0.821,1.443,1.791,XOM
