PERMNO,date,TICKER,BIDLO,ASKHI,PRC,VOL,RET,OPENPRC
11850,2010-01-04,XOM,68.19000,69.26000,69.15000,27811300,0.014078,68.72000
11850,2010-01-05,XOM,68.80000,69.45000,69.42000,30178600,0.003905,69.19000
11850,2010-01-06,XOM,69.34000,70.60000,70.02000,35047500,0.008643,69.45000
11850,2010-01-07,XOM,69.41500,70.06000,69.80000,27194100,-0.003142,69.90000
11850,2010-01-08,XOM,69.22000,69.75000,69.52000,24899500,-0.004012,69.69000
11850,2010-01-11,XOM,69.65000,70.52000,70.30000,30684900,0.011220,69.94000
11850,2010-01-12,XOM,69.52000,69.99000,69.95000,31497600,-0.004979,69.72000
11850,2010-01-13,XOM,69.26000,70.04000,69.67000,24885000,-0.004003,69.96000
11850,2010-01-14,XOM,69.35000,69.74000,69.68000,18637800,0.000144,69.54000
11850,2010-01-15,XOM,68.65000,69.69000,69.11000,29412800,-0.008180,69.65000
11850,2010-01-19,XOM,68.42000,69.35000,69.27000,26088300,0.002315,68.74000
11850,2010-01-20,XOM,67.93250,68.66000,68.03000,34630600,-0.017901,68.56000
11850,2010-01-21,XOM,66.50000,68.15000,66.70000,39118700,-0.019550,68.12000
11850,2010-01-22,XOM,66.00000,67.14000,66.10000,39088400,-0.008995,66.52000
11850,2010-01-25,XOM,65.69000,66.76000,65.85000,29305100,-0.003782,66.55000
11850,2010-01-26,XOM,65.50000,66.74000,65.92000,34084400,0.001063,65.64000
11850,2010-01-27,XOM,65.00000,66.06000,65.54000,35726200,-0.005765,65.66000
11850,2010-01-28,XOM,64.57000,65.85000,64.96000,37364500,-0.008850,65.85000
11850,2010-01-29,XOM,64.02000,65.82000,64.43000,40880400,-0.008159,65.15000
11850,2010-02-01,XOM,65.35000,66.41000,66.18000,37703000,0.027161,65.77000
11850,2010-02-02,XOM,66.47000,67.12000,66.96000,34063200,0.011786,66.73000
11850,2010-02-03,XOM,66.56000,67.23000,66.60000,24024800,-0.005376,66.88000
11850,2010-02-04,XOM,64.68000,66.35000,64.72000,33866300,-0.028228,66.27000
11850,2010-02-05,XOM,63.56000,64.90000,64.80000,42300700,0.001236,64.70000
11850,2010-02-08,XOM,64.34000,65.49000,64.35000,30521000,-0.000463,64.91000
11850,2010-02-09,XOM,64.56000,65.71000,65.20000,36245600,0.013209,65.11000
11850,2010-02-10,XOM,64.16000,65.22000,64.85000,21701600,-0.005368,65.08000
11850,2010-02-11,XOM,64.41000,65.48000,65.24000,23559500,0.006014,64.69000
11850,2010-02-12,XOM,64.28000,65.14000,64.80000,30637100,-0.006744,64.62000
11850,2010-02-16,XOM,65.08000,66.38000,66.28000,30518400,0.022839,65.44000
11850,2010-02-17,XOM,65.57000,66.45000,65.76000,21822700,-0.007845,66.34000
11850,2010-02-18,XOM,65.35000,66.09000,65.96000,22544000,0.003041,65.80000
11850,2010-02-19,XOM,65.43000,66.24000,65.87000,24265700,-0.001364,65.59000
11850,2010-02-22,XOM,65.25000,66.12000,65.40000,20469700,-0.007135,66.10000
11850,2010-02-23,XOM,64.15000,65.56000,64.94000,33377400,-0.007034,65.26000
11850,2010-02-24,XOM,64.77000,65.86670,65.55000,21470300,0.009393,65.01000
11850,2010-02-25,XOM,64.37000,65.17000,65.14000,25669100,-0.006255,64.61000
11850,2010-02-26,XOM,64.92000,65.40000,65.00000,20130400,-0.002149,65.26000
11850,2010-03-01,XOM,65.09000,65.54000,65.40000,18798700,0.006154,65.36000
11850,2010-03-02,XOM,65.15000,65.79000,65.49000,24828300,0.001376,65.66000
11850,2010-03-03,XOM,65.38000,65.97000,65.43000,22285000,-0.000916,65.77000
11850,2010-03-04,XOM,65.08000,65.63000,65.40000,21963400,-0.000458,65.35000
11850,2010-03-05,XOM,65.78000,66.52000,66.47000,26838600,0.016361,65.96000
11850,2010-03-08,XOM,66.23000,66.79000,66.48000,20300100,0.000150,66.77000
11850,2010-03-09,XOM,66.22000,67.19000,66.78000,29003100,0.004513,66.32000
11850,2010-03-10,XOM,66.78000,67.41500,67.22000,24811700,0.006589,67.16000
11850,2010-03-11,XOM,66.98000,67.56000,67.22000,19372500,0.000000,67.39000
11850,2010-03-12,XOM,66.50000,67.58000,66.80000,23362900,-0.006248,67.58000
11850,2010-03-15,XOM,65.90000,66.69000,66.30000,22073700,-0.007485,66.67000
11850,2010-03-16,XOM,66.00000,66.68000,66.57000,35111700,0.004072,66.55000
11850,2010-03-17,XOM,66.80000,67.79000,67.36000,38776100,0.011867,66.91000
11850,2010-03-18,XOM,67.01000,67.74000,67.39000,25928500,0.000445,67.50000
11850,2010-03-19,XOM,66.43000,67.89000,67.04000,45564200,-0.005194,67.84000
11850,2010-03-22,XOM,66.32000,67.20000,66.97000,21393100,-0.001044,66.49000
11850,2010-03-23,XOM,66.45000,66.98000,66.95000,24754600,-0.000299,66.94000
11850,2010-03-24,XOM,66.23000,66.86000,66.50000,19754700,-0.006721,66.57000
11850,2010-03-25,XOM,66.24000,66.92000,66.30000,21100300,-0.003007,66.81000
11850,2010-03-26,XOM,66.17000,66.88000,66.54000,30554800,0.003620,66.44000
11850,2010-03-29,XOM,66.59000,67.48000,67.30000,26128200,0.011422,66.66000
11850,2010-03-30,XOM,66.79000,67.30000,67.05000,17748500,-0.003715,67.19000
11850,2010-03-31,XOM,66.60000,67.19000,66.98000,22354400,-0.001044,66.94000
11850,2010-04-01,XOM,67.19000,67.80000,67.61000,19619200,0.009406,67.27000
11850,2010-04-05,XOM,67.72000,68.36000,68.19000,20902600,0.008579,67.84000
11850,2010-04-06,XOM,67.80000,68.35000,67.90000,19776900,-0.004253,67.99000
11850,2010-04-07,XOM,66.97000,67.85000,67.34000,24532000,-0.008247,67.83000
11850,2010-04-08,XOM,66.85000,68.22500,67.86000,24063700,0.007722,67.01000
11850,2010-04-09,XOM,68.07000,68.98000,68.76000,21099700,0.013263,68.11000
11850,2010-04-12,XOM,68.58000,69.05000,68.71000,18170600,-0.000727,68.80000
11850,2010-04-13,XOM,68.07000,68.76000,68.66000,19179200,-0.000728,68.47000
11850,2010-04-14,XOM,68.36000,68.82000,68.61000,18787300,-0.000728,68.72000
11850,2010-04-15,XOM,68.15000,68.72000,68.26000,16718500,-0.005101,68.50000
11850,2010-04-16,XOM,67.71000,68.70000,67.93000,33866200,-0.004834,68.12000
11850,2010-04-19,XOM,67.57000,68.44000,68.23000,25687200,0.004416,67.75000
11850,2010-04-20,XOM,68.50000,69.22000,68.97000,22989600,0.010846,68.62000
11850,2010-04-21,XOM,68.57000,69.43000,68.92000,21120200,-0.000725,69.00000
11850,2010-04-22,XOM,68.22000,68.73000,68.56000,21654600,-0.005223,68.52000
11850,2010-04-23,XOM,68.18000,69.27000,69.24000,24341400,0.009918,68.50000
11850,2010-04-26,XOM,68.93000,69.53000,69.29000,18238900,0.000722,69.03000
11850,2010-04-27,XOM,68.20000,70.00000,68.27000,36376900,-0.014721,69.01000
11850,2010-04-28,XOM,68.61000,69.54000,69.19000,33248100,0.013476,68.87000
11850,2010-04-29,XOM,68.24000,69.66000,68.66000,47204000,-0.007660,68.45000
11850,2010-04-30,XOM,67.73000,69.31000,67.77000,43762000,-0.012963,68.90000
11850,2010-05-03,XOM,67.18000,68.22000,67.84000,30740300,0.001033,68.11000
11850,2010-05-04,XOM,66.00000,67.26000,66.47000,31646800,-0.020195,67.15000
11850,2010-05-05,XOM,65.83000,66.94000,66.17000,30262500,-0.004513,65.94000
11850,2010-05-06,XOM,58.46000,66.23000,63.89000,58336300,-0.034457,65.79000
11850,2010-05-07,XOM,63.23000,64.92000,63.70000,69010800,-0.002974,64.50000
11850,2010-05-10,XOM,64.52000,65.75000,65.23000,38337500,0.024019,65.42000
11850,2010-05-11,XOM,64.23000,65.00000,64.46000,29802300,-0.005059,64.62000
11850,2010-05-12,XOM,64.50000,65.34000,64.91000,25390800,0.006981,64.64000
11850,2010-05-13,XOM,64.32000,65.27000,64.74000,26794300,-0.002619,64.87000
11850,2010-05-14,XOM,62.91000,64.73000,63.60000,38815300,-0.017609,64.50000
11850,2010-05-17,XOM,62.26000,63.88000,63.27000,31928900,-0.005189,63.74000
11850,2010-05-18,XOM,62.42000,64.27000,62.79000,34467600,-0.007587,64.05000
11850,2010-05-19,XOM,62.00000,62.94000,62.45000,36725900,-0.005415,62.46000
11850,2010-05-20,XOM,60.21000,61.68000,60.33000,57201200,-0.033947,61.47000
11850,2010-05-21,XOM,59.16000,60.95000,60.88000,52809200,0.009117,59.16000
11850,2010-05-24,XOM,60.13000,61.00000,60.19000,27873500,-0.011334,60.74000
11850,2010-05-25,XOM,58.46000,59.78000,59.71000,50541700,-0.007975,58.99000
11850,2010-05-26,XOM,59.12000,60.46000,59.31000,34031900,-0.006699,60.08000
11850,2010-05-27,XOM,60.10000,61.55000,61.46000,31913600,0.036250,60.50000
11850,2010-05-28,XOM,60.28000,61.67000,60.46000,32081300,-0.016271,61.21000
11850,2010-06-01,XOM,59.14000,60.86000,59.25000,32977400,-0.020013,60.38000
11850,2010-06-02,XOM,59.23300,60.80000,60.77000,28670800,0.025654,59.51000
11850,2010-06-03,XOM,60.60000,62.01000,61.56000,32385600,0.013000,61.23000
11850,2010-06-04,XOM,59.28950,61.05000,59.52500,45019200,-0.033057,60.74000
11850,2010-06-07,XOM,59.20000,60.41000,59.30000,28391800,-0.003780,59.98000
11850,2010-06-08,XOM,59.38000,61.44000,61.24000,48460600,0.032715,59.62000
11850,2010-06-09,XOM,59.82000,61.60000,60.03000,31693100,-0.019758,61.58000
11850,2010-06-10,XOM,61.16000,62.00000,61.89000,33020000,0.030985,61.50000
11850,2010-06-11,XOM,61.18000,61.92000,61.86000,21228400,-0.000485,61.68000
11850,2010-06-14,XOM,61.32000,62.46000,61.37000,24667900,-0.007921,62.06000
11850,2010-06-15,XOM,61.49000,62.57000,62.51000,24534100,0.018576,61.89000
11850,2010-06-16,XOM,61.90000,62.62000,62.51000,20654200,0.000000,61.97000
11850,2010-06-17,XOM,61.95000,62.70000,62.60000,23311200,0.001440,62.42000
11850,2010-06-18,XOM,62.40000,63.37000,63.10000,32749200,0.007987,62.78000
11850,2010-06-21,XOM,62.85000,64.50000,63.13000,24878300,0.000475,64.10000
11850,2010-06-22,XOM,61.79000,63.20000,61.94000,26148100,-0.018850,63.13000
11850,2010-06-23,XOM,60.90000,62.26000,61.10000,38059700,-0.013562,61.71000
11850,2010-06-24,XOM,59.87000,61.20000,60.07000,34188900,-0.016858,60.82000
11850,2010-06-25,XOM,59.10000,60.24000,59.10000,118023400,-0.016148,60.15000
11850,2010-06-28,XOM,58.47000,59.39000,58.47000,43023900,-0.010660,59.31000
11850,2010-06-29,XOM,57.00000,58.09000,57.29000,52536900,-0.020181,58.00000
11850,2010-06-30,XOM,56.92000,57.73000,57.07000,43944900,-0.003840,57.33000
11850,2010-07-01,XOM,56.17000,57.27000,56.61000,47753900,-0.008060,56.98000
11850,2010-07-02,XOM,55.94000,56.99000,56.57000,32767900,-0.000707,56.85000
11850,2010-07-06,XOM,56.77000,57.59000,57.46000,36915100,0.015733,57.17000
11850,2010-07-07,XOM,57.26000,58.45000,58.43000,41797100,0.016881,57.37000
11850,2010-07-08,XOM,58.13000,59.20000,58.81000,40434600,0.006504,59.13000
11850,2010-07-09,XOM,58.30000,59.01000,58.78000,25978700,-0.000510,58.76000
11850,2010-07-12,XOM,58.20000,58.94000,58.94000,23516500,0.002722,58.29000
11850,2010-07-13,XOM,59.04000,59.72000,59.42000,30514200,0.008144,59.60000
11850,2010-07-14,XOM,58.62000,59.34000,59.26000,26063800,-0.002693,59.22000
11850,2010-07-15,XOM,58.59000,59.49000,59.27000,24741800,0.000169,59.36000
11850,2010-07-16,XOM,57.81000,59.11000,57.96000,35805600,-0.022102,58.84000
11850,2010-07-19,XOM,58.10000,58.74000,58.43000,20960000,0.008109,58.33000
11850,2010-07-20,XOM,57.67000,58.99000,58.95000,23810000,0.008900,57.68000
11850,2010-07-21,XOM,57.60000,59.13000,58.17000,26859700,-0.013232,59.13000
11850,2010-07-22,XOM,58.66000,59.79000,59.38000,27052400,0.020801,58.71000
11850,2010-07-23,XOM,58.80000,59.81000,59.72000,19285300,0.005726,59.26000
11850,2010-07-26,XOM,59.63000,60.44000,60.39000,20226600,0.011219,59.70000
11850,2010-07-27,XOM,60.39000,60.90000,60.81000,22401500,0.006955,60.62000
11850,2010-07-28,XOM,60.73000,61.27000,60.91000,23511000,0.001644,60.73000
11850,2010-07-29,XOM,60.29000,61.88000,60.34000,33770700,-0.009358,61.42000
11850,2010-07-30,XOM,59.59780,60.51000,59.68000,29367900,-0.010938,60.15000
11850,2010-08-02,XOM,60.61000,62.04000,61.94000,28144200,0.037869,60.64000
11850,2010-08-03,XOM,61.88000,62.99000,62.72000,31075700,0.012593,61.98000
11850,2010-08-04,XOM,62.27000,62.89000,62.72000,21034400,0.000000,62.86000
11850,2010-08-05,XOM,61.85000,62.71000,62.71000,19990700,-0.000159,62.28000
11850,2010-08-06,XOM,61.25000,62.50000,61.97000,23097800,-0.011800,61.92000
11850,2010-08-09,XOM,62.18000,62.67000,62.45000,14736900,0.007746,62.56000
11850,2010-08-10,XOM,61.45000,62.17000,61.93000,23198200,-0.008327,61.85000
11850,2010-08-11,XOM,60.20000,60.66000,60.39000,24281200,-0.017762,60.55000
11850,2010-08-12,XOM,59.56000,60.56000,60.23000,16958900,-0.002649,59.70000
11850,2010-08-13,XOM,59.80000,60.45000,59.91000,14656200,-0.005313,59.96000
11850,2010-08-16,XOM,59.25000,60.25000,59.88000,14309700,-0.000501,59.60000
11850,2010-08-17,XOM,60.14000,61.16000,60.82000,20130200,0.015698,60.49000
11850,2010-08-18,XOM,59.63000,60.72000,60.15000,20076300,-0.011016,60.67000
11850,2010-08-19,XOM,58.90000,60.06000,59.29000,21177000,-0.014298,59.93000
11850,2010-08-20,XOM,58.55000,59.07000,58.89000,21013000,-0.006747,59.02000
11850,2010-08-23,XOM,58.90000,60.05000,59.50000,21340800,0.010358,58.97000
11850,2010-08-24,XOM,58.79000,59.45000,58.94000,25686400,-0.009412,58.96000
11850,2010-08-25,XOM,58.42000,59.40000,58.91000,20967900,-0.000509,58.69000
11850,2010-08-26,XOM,58.33000,59.50000,58.48000,22332800,-0.007299,59.36000
11850,2010-08-27,XOM,58.05000,59.96000,59.80000,28279600,0.022572,58.72000
11850,2010-08-30,XOM,58.96000,59.90000,59.00000,16265000,-0.013378,59.56000
11850,2010-08-31,XOM,58.50000,59.54000,59.11000,26985500,0.001864,58.75000
11850,2010-09-01,XOM,59.72000,60.96000,60.91000,26286200,0.030452,60.04000
11850,2010-09-02,XOM,60.36750,61.06000,61.06000,18664200,0.002463,60.49000
11850,2010-09-03,XOM,60.75000,61.60000,61.32000,21984900,0.004258,61.20000
11850,2010-09-07,XOM,60.45000,61.07000,60.55000,19441400,-0.012557,60.89000
11850,2010-09-08,XOM,60.63000,61.26000,60.75000,17380600,0.003303,60.66000
11850,2010-09-09,XOM,60.91000,61.59000,61.05000,16526800,0.004938,61.50000
11850,2010-09-10,XOM,60.95000,61.48000,61.20000,14489400,0.002457,61.38000
11850,2010-09-13,XOM,60.54000,61.52000,61.00000,23149100,-0.003268,61.39000
11850,2010-09-14,XOM,60.75000,61.34000,61.01000,17987200,0.000164,60.84000
11850,2010-09-15,XOM,60.36000,61.03000,61.00000,18769900,-0.000164,60.76000
11850,2010-09-16,XOM,60.45000,60.99000,60.97000,16437200,-0.000492,60.85000
11850,2010-09-17,XOM,60.63000,61.30000,60.78000,26447300,-0.003116,61.19000
11850,2010-09-20,XOM,60.95000,61.82000,61.55000,21799100,0.012669,61.04000
11850,2010-09-21,XOM,61.25000,61.90000,61.54000,20533100,-0.000162,61.65000
11850,2010-09-22,XOM,61.41000,62.00000,61.45000,18203600,-0.001462,61.56000
11850,2010-09-23,XOM,60.90000,61.57000,61.15000,18099500,-0.004882,60.99000
11850,2010-09-24,XOM,61.36000,62.13000,61.75000,25145300,0.009812,61.51000
11850,2010-09-27,XOM,61.68000,62.07680,61.71000,16642800,-0.000648,61.99000
11850,2010-09-28,XOM,61.27000,62.26000,62.06000,18809400,0.005672,61.63000
11850,2010-09-29,XOM,61.27000,62.02000,61.59000,21160900,-0.007573,61.77000
11850,2010-09-30,XOM,61.47000,62.44000,61.79000,25463700,0.003247,61.95000
11850,2010-10-01,XOM,61.80000,62.58000,62.54000,24167000,0.012138,62.32000
11850,2010-10-04,XOM,61.84000,62.73000,62.19000,16902400,-0.005596,62.52000
11850,2010-10-05,XOM,62.43000,63.40000,63.26000,25185300,0.017205,62.59000
11850,2010-10-06,XOM,63.18000,63.94000,63.94000,21649000,0.010749,63.18000
11850,2010-10-07,XOM,63.37000,64.00000,63.85000,19468700,-0.001408,63.96000
11850,2010-10-08,XOM,63.63000,64.53000,64.38000,22379200,0.008301,63.81000
11850,2010-10-11,XOM,64.31000,64.81000,64.55000,13856400,0.002641,64.36000
11850,2010-10-12,XOM,63.93000,64.88500,64.70000,20733800,0.002324,64.31000
11850,2010-10-13,XOM,64.57000,65.29170,65.04000,22562000,0.005255,64.84000
11850,2010-10-14,XOM,64.87000,65.45000,65.30000,17790900,0.003998,65.05000
11850,2010-10-15,XOM,64.82000,65.65000,65.19000,25505400,-0.001685,65.64000
11850,2010-10-18,XOM,65.03000,66.54000,66.28000,22491300,0.016720,65.19000
11850,2010-10-19,XOM,64.59010,66.04010,65.12000,25375400,-0.017501,65.59000
11850,2010-10-20,XOM,65.35000,66.39500,66.01000,20543900,0.013667,65.47000
11850,2010-10-21,XOM,65.65000,66.80000,66.32000,21291100,0.004696,66.29000
11850,2010-10-22,XOM,66.13000,66.55000,66.34000,13333100,0.000302,66.51000
11850,2010-10-25,XOM,66.16000,66.81000,66.20000,16517000,-0.002110,66.68000
11850,2010-10-26,XOM,65.81000,66.57000,66.53000,17652900,0.004985,65.96000
11850,2010-10-27,XOM,65.08500,65.99000,65.67000,23358900,-0.012927,65.95000
11850,2010-10-28,XOM,66.05000,66.70000,66.22000,20464100,0.008375,66.43000
11850,2010-10-29,XOM,65.99000,66.56000,66.49000,19270800,0.004077,66.10000
11850,2010-11-01,XOM,66.62990,67.21000,66.95000,22372600,0.006918,66.72000
11850,2010-11-02,XOM,67.21000,68.25000,67.84000,26192100,0.013293,67.32000
11850,2010-11-03,XOM,67.32000,68.27000,67.97000,26553000,0.001916,68.23000
11850,2010-11-04,XOM,68.29000,69.60090,69.38000,31222600,0.020744,68.40000
11850,2010-11-05,XOM,69.40000,70.00000,70.00000,26531700,0.008936,69.44000
11850,2010-11-08,XOM,69.46000,70.42000,70.32000,23636600,0.004571,69.49000
11850,2010-11-09,XOM,70.10180,71.11000,70.63000,33938100,0.010665,70.29000
11850,2010-11-10,XOM,70.15000,71.16000,71.13000,25482300,0.007079,70.96000
11850,2010-11-11,XOM,70.73000,71.90000,71.83000,23791300,0.009841,71.00000
11850,2010-11-12,XOM,70.43000,71.40000,70.99000,24598000,-0.011694,71.38000
11850,2010-11-15,XOM,70.44000,71.22000,70.48000,18779500,-0.007184,71.01000
11850,2010-11-16,XOM,68.56000,69.82000,68.94000,27595000,-0.021850,69.62000
11850,2010-11-17,XOM,68.56000,69.38000,69.01000,17471800,0.001015,68.84000
11850,2010-11-18,XOM,69.64000,70.39000,70.31000,18325200,0.018838,69.65000
11850,2010-11-19,XOM,69.36000,70.59000,70.54000,24116300,0.003271,70.20000
11850,2010-11-22,XOM,68.79000,70.30000,70.19000,18907900,-0.004962,70.10000
11850,2010-11-23,XOM,68.32000,69.15000,68.98000,22671900,-0.017239,68.80000
11850,2010-11-24,XOM,69.19000,70.00000,69.88000,19351000,0.013047,69.25000
11850,2010-11-26,XOM,68.90000,69.43000,69.27000,7324700,-0.008729,69.30000
11850,2010-11-29,XOM,68.30000,69.64000,69.45000,20025300,0.002599,68.86000
11850,2010-11-30,XOM,68.32000,69.75000,69.56000,27524200,0.001584,68.55000
11850,2010-12-01,XOM,70.38000,71.55100,71.33000,26590200,0.025446,70.38000
11850,2010-12-02,XOM,70.95000,71.65800,71.48000,21281300,0.002103,71.19000
11850,2010-12-03,XOM,70.89000,71.30000,71.19000,19459200,-0.004057,71.01000
11850,2010-12-06,XOM,71.06000,71.60000,71.31000,15986700,0.001686,71.20000
11850,2010-12-07,XOM,71.42000,72.18000,71.46000,23699000,0.002104,71.91000
11850,2010-12-08,XOM,71.48000,72.22000,71.85000,22662500,0.005458,71.87000
11850,2010-12-09,XOM,71.32620,72.14000,72.00000,17972700,0.002088,72.05030
11850,2010-12-10,XOM,71.62000,72.18000,72.18000,17699500,0.002500,72.18000
11850,2010-12-13,XOM,72.06500,72.75000,72.36000,21172300,0.002494,72.41000
11850,2010-12-14,XOM,71.93000,72.50000,72.18000,20627800,-0.002488,72.23000
11850,2010-12-15,XOM,71.79000,72.31000,71.85000,20978900,-0.004572,71.87000
11850,2010-12-16,XOM,71.57000,72.33000,72.22000,18515700,0.005150,71.92000
11850,2010-12-17,XOM,71.78000,72.39000,72.17000,36761200,-0.000692,72.11000
11850,2010-12-20,XOM,71.88000,72.50000,72.22000,16045700,0.000693,72.24000
11850,2010-12-21,XOM,72.23000,72.97000,72.72000,21773700,0.006923,72.43000
11850,2010-12-22,XOM,72.65000,73.00000,72.80000,14609700,0.001100,72.94000
11850,2010-12-23,XOM,72.83000,73.20000,73.20000,11391600,0.005494,72.94000
11850,2010-12-27,XOM,72.81000,73.30000,73.01000,9758600,-0.002596,72.81000
11850,2010-12-28,XOM,72.96000,73.56000,73.42000,14424100,0.005616,73.20000
11850,2010-12-29,XOM,73.34000,73.69000,73.37000,11798900,-0.000681,73.41000
11850,2010-12-30,XOM,73.05000,73.51000,73.36000,10791300,-0.000136,73.29000
11850,2010-12-31,XOM,73.02000,73.51000,73.12000,15273700,-0.003272,73.16000
11850,2011-01-03,XOM,73.64000,74.79000,74.55000,23325300,0.019557,73.72000
11850,2011-01-04,XOM,74.42000,74.95000,74.90000,20037300,0.004695,74.71000
11850,2011-01-05,XOM,74.14000,74.87000,74.70000,16550800,-0.002670,74.67000
11850,2011-01-06,XOM,74.67000,75.43000,75.18000,22527800,0.006426,74.90000
11850,2011-01-07,XOM,75.09000,75.90000,75.59000,19299700,0.005454,75.21000
11850,2011-01-10,XOM,74.58000,75.27000,75.13000,20767700,-0.006085,75.13000
11850,2011-01-11,XOM,75.02000,75.86000,75.69000,15806000,0.007454,75.02000
11850,2011-01-12,XOM,75.67000,76.62000,76.58000,17364400,0.011758,75.94000
11850,2011-01-13,XOM,75.98000,76.82000,76.71000,20438800,0.001698,76.65000
11850,2011-01-14,XOM,76.50000,78.00000,77.84000,23478900,0.014731,76.67000
11850,2011-01-18,XOM,77.72000,78.85000,78.71000,23883500,0.011177,77.79000
11850,2011-01-19,XOM,78.13000,78.93000,78.24000,21844000,-0.005971,78.63000
11850,2011-01-20,XOM,76.77000,78.16000,77.75000,29121500,-0.006263,77.98000
11850,2011-01-21,XOM,78.06000,79.10000,78.98000,25092100,0.015820,78.21000
11850,2011-01-24,XOM,78.09000,79.18000,78.59000,24875100,-0.004938,78.85000
11850,2011-01-25,XOM,77.93000,78.99000,78.68000,21635500,0.001145,78.22000
11850,2011-01-26,XOM,78.49000,79.86000,79.66000,25555300,0.012456,78.71000
11850,2011-01-27,XOM,79.34000,79.98000,79.88000,17007700,0.002762,79.84000
11850,2011-01-28,XOM,78.87000,79.89000,78.99000,26303300,-0.011142,79.77900
11850,2011-01-31,XOM,79.01000,80.82000,80.68000,34514400,0.021395,79.92000
11850,2011-02-01,XOM,81.04000,83.96000,83.91000,40837200,0.040035,81.14000
11850,2011-02-02,XOM,83.26000,83.98000,83.41000,18177700,-0.005959,83.59000
11850,2011-02-03,XOM,82.46000,83.55000,83.44000,19654400,0.000360,83.06000
11850,2011-02-04,XOM,82.85000,83.52000,83.28000,16560000,-0.001918,83.25000
11850,2011-02-07,XOM,83.36000,84.00000,83.93000,15309900,0.007805,83.45000
11850,2011-02-08,XOM,82.64000,83.65000,82.98000,17472200,-0.006076,83.50000
11850,2011-02-09,XOM,81.77000,82.78000,82.55000,15899700,-0.005182,82.44000
11850,2011-02-10,XOM,81.61000,83.31000,83.20000,21050400,0.007874,81.68000
11850,2011-02-11,XOM,82.23000,83.41000,82.82000,16001200,-0.004567,82.23000
11850,2011-02-14,XOM,81.89000,85.11000,84.91000,33108200,0.025235,82.07000
11850,2011-02-15,XOM,82.67000,84.89000,82.97000,25689400,-0.022848,84.79000
11850,2011-02-16,XOM,82.86000,83.86000,83.69000,16673400,0.008678,83.06000
11850,2011-02-17,XOM,83.05000,83.97000,83.88000,17854500,0.002270,83.97000
11850,2011-02-18,XOM,83.50000,84.50000,84.50000,22839800,0.007392,83.91000
11850,2011-02-22,XOM,84.73000,86.70000,85.44000,32584400,0.011124,84.97000
11850,2011-02-23,XOM,85.47000,88.23000,87.07000,38625000,0.019078,86.00000
11850,2011-02-24,XOM,85.46000,87.53000,85.97000,28578200,-0.012633,87.20000
11850,2011-02-25,XOM,85.29000,86.24000,85.34000,22230900,-0.007328,85.79000
11850,2011-02-28,XOM,85.49000,86.56000,85.53000,24510000,0.002226,85.87000
11850,2011-03-01,XOM,84.70000,86.50000,84.80000,23003200,-0.008535,86.41000
11850,2011-03-02,XOM,83.55000,85.32000,85.08000,17425600,0.003302,84.59000
11850,2011-03-03,XOM,85.05000,85.95000,85.82000,17154000,0.008698,85.46000
11850,2011-03-04,XOM,84.70000,86.00000,85.08000,20041300,-0.008623,85.92000
11850,2011-03-07,XOM,84.69000,86.08000,84.72000,18072700,-0.004231,85.84000
11850,2011-03-08,XOM,83.75000,85.11000,84.60000,17672800,-0.001416,84.60000
11850,2011-03-09,XOM,83.56000,84.55000,84.38000,13304800,-0.002600,84.12000
11850,2011-03-10,XOM,81.20000,83.80000,81.38000,26059900,-0.035553,83.80000
11850,2011-03-11,XOM,80.10000,82.91000,82.12000,17617700,0.009093,81.02000
11850,2011-03-14,XOM,81.46000,82.64000,82.38000,16396200,0.003166,81.67000
11850,2011-03-15,XOM,79.75000,82.09000,81.39000,23207800,-0.012017,80.17000
11850,2011-03-16,XOM,78.80000,81.81000,79.31000,33429100,-0.025556,81.23000
11850,2011-03-17,XOM,80.23000,81.50000,81.16000,21954300,0.023326,80.38000
11850,2011-03-18,XOM,80.85000,82.33000,80.85000,28929400,-0.003820,81.77000
11850,2011-03-21,XOM,81.86000,83.33000,82.84000,18212700,0.024613,81.87000
11850,2011-03-22,XOM,82.33000,83.23000,82.56000,16228300,-0.003380,83.10000
11850,2011-03-23,XOM,82.00000,83.00000,82.60000,15396600,0.000485,82.65000
11850,2011-03-24,XOM,82.55000,83.47000,82.73000,17022800,0.001574,82.78000
11850,2011-03-25,XOM,82.82000,83.93000,83.62000,16504200,0.010758,82.99000
11850,2011-03-28,XOM,83.45000,84.01000,83.47000,14612500,-0.001794,83.86000
11850,2011-03-29,XOM,82.61000,83.89000,83.25000,16289000,-0.002636,83.16000
11850,2011-03-30,XOM,83.51000,84.86000,84.49000,15779200,0.014895,83.80000
11850,2011-03-31,XOM,84.11000,84.94000,84.13000,15330300,-0.004261,84.82000
11850,2011-04-01,XOM,84.17000,84.84000,84.68000,15558200,0.006538,84.72000
11850,2011-04-04,XOM,84.07000,84.93000,84.87000,13100700,0.002244,84.26000
11850,2011-04-05,XOM,84.56000,85.94000,85.42000,17140100,0.006480,84.68000
11850,2011-04-06,XOM,84.96000,85.88500,85.18000,13343300,-0.002810,85.73000
11850,2011-04-07,XOM,84.91000,85.79000,85.76000,16031500,0.006809,85.16000
11850,2011-04-08,XOM,85.36000,86.22000,85.95000,15951000,0.002215,86.00000
11850,2011-04-11,XOM,84.78000,86.15000,85.16000,13037400,-0.009191,85.95000
11850,2011-04-12,XOM,82.67000,84.25000,83.18000,20766500,-0.023250,84.24000
11850,2011-04-13,XOM,82.56000,83.95000,83.16000,14495900,-0.000240,83.58000
11850,2011-04-14,XOM,82.38000,83.84250,83.44000,15722500,0.003367,82.38000
11850,2011-04-15,XOM,83.36000,84.47250,84.29000,17033900,0.010187,83.80000
11850,2011-04-18,XOM,82.44000,84.00000,83.10000,15119100,-0.014118,83.11000
11850,2011-04-19,XOM,82.97000,83.99000,83.80000,12782400,0.008424,82.97000
11850,2011-04-20,XOM,84.87000,85.68000,85.65000,15477200,0.022076,85.05000
11850,2011-04-21,XOM,85.56000,86.43000,86.36000,12813800,0.008290,85.76500
11850,2011-04-25,XOM,85.89000,86.50000,86.22000,9837300,-0.001621,86.29000
11850,2011-04-26,XOM,86.26000,87.48000,87.42000,17913400,0.013918,86.43000
11850,2011-04-27,XOM,86.29000,87.90000,87.78000,17760900,0.004118,87.48000
11850,2011-04-28,XOM,86.53000,87.50000,87.34000,18712300,-0.005013,87.03000
11850,2011-04-29,XOM,87.03000,88.00000,87.98000,17354900,0.007328,87.43000
11850,2011-05-02,XOM,86.47000,88.13000,86.97000,18652100,-0.011480,88.10000
11850,2011-05-03,XOM,85.04000,86.78000,85.62000,18421900,-0.015523,86.59000
11850,2011-05-04,XOM,83.91000,85.60000,84.81000,22881100,-0.009460,85.19000
11850,2011-05-05,XOM,81.59000,83.99000,82.62000,27514900,-0.025822,83.52000
11850,2011-05-06,XOM,81.85000,84.10000,82.69000,26335800,0.000847,83.27000
11850,2011-05-09,XOM,82.16000,83.72000,83.18000,18266300,0.005926,83.01000
11850,2011-05-10,XOM,82.50000,83.76000,83.34000,17698100,0.001923,83.08000
11850,2011-05-11,XOM,80.44000,82.68920,81.12000,24199100,-0.020998,82.51000
11850,2011-05-12,XOM,79.42000,81.59000,81.05000,21872300,-0.000863,80.62000
11850,2011-05-13,XOM,80.22000,81.77000,80.87000,17642300,-0.002221,81.29000
11850,2011-05-16,XOM,80.12000,81.27000,80.24000,16442400,-0.007790,80.22000
11850,2011-05-17,XOM,79.60000,80.79000,80.41000,18100500,0.002119,79.99000
11850,2011-05-18,XOM,80.43000,82.27000,81.74000,17960000,0.016540,80.88000
11850,2011-05-19,XOM,81.34000,82.58000,82.33000,15248800,0.007218,82.27000
11850,2011-05-20,XOM,80.90000,82.25000,81.57000,19007200,-0.009231,81.98000
11850,2011-05-23,XOM,80.07000,81.01000,80.67000,16300500,-0.011033,80.22000
11850,2011-05-24,XOM,80.94000,82.12000,81.29000,15687300,0.007686,81.05000
11850,2011-05-25,XOM,80.84000,82.53000,81.96000,19354400,0.008242,80.97000
11850,2011-05-26,XOM,81.19000,82.57000,82.39000,16888700,0.005246,81.60000
11850,2011-05-27,XOM,82.15000,83.13000,82.63000,11949400,0.002913,82.74000
11850,2011-05-31,XOM,82.72000,83.75000,83.47000,23630700,0.010166,83.28000
11850,2011-06-01,XOM,81.76000,83.65000,82.03000,19551900,-0.017252,83.55000
11850,2011-06-02,XOM,80.65000,82.32000,81.33000,18152500,-0.008533,81.77000
11850,2011-06-03,XOM,80.18000,81.79000,81.18000,17281200,-0.001844,80.24000
11850,2011-06-06,XOM,80.08000,81.19000,80.29000,15954200,-0.010963,80.93000
11850,2011-06-07,XOM,79.97000,81.09000,80.00000,16217900,-0.003612,80.61000
11850,2011-06-08,XOM,80.52000,81.87000,80.76000,23573700,0.009500,80.61000
11850,2011-06-09,XOM,80.96000,81.68000,81.18000,17665500,0.005201,81.24000
11850,2011-06-10,XOM,79.72000,80.95000,79.78000,18969600,-0.017246,80.95000
11850,2011-06-13,XOM,78.84000,80.60000,79.23000,17854400,-0.006894,80.00000
11850,2011-06-14,XOM,79.94000,80.82000,80.38000,16444900,0.014515,80.05000
11850,2011-06-15,XOM,78.37000,79.89000,78.66000,21714100,-0.021398,79.53000
11850,2011-06-16,XOM,78.33000,79.51000,79.22000,19039800,0.007119,78.59000
11850,2011-06-17,XOM,78.69000,79.95000,79.02000,25468100,-0.002525,79.85000
11850,2011-06-20,XOM,78.62000,79.95000,79.71000,15838600,0.008732,78.65000
11850,2011-06-21,XOM,80.01000,81.12000,80.57000,17898000,0.010789,80.23000
11850,2011-06-22,XOM,79.57000,80.67000,79.82000,18613100,-0.009309,80.16000
11850,2011-06-23,XOM,77.23000,78.75000,78.44000,30036400,-0.017289,78.74000
11850,2011-06-24,XOM,76.78000,78.63000,76.78000,36293700,-0.021163,78.55000
11850,2011-06-27,XOM,76.72000,78.48000,77.92000,20610200,0.014848,76.88000
11850,2011-06-28,XOM,78.38000,79.66000,79.63000,18422000,0.021946,78.57000
11850,2011-06-29,XOM,79.22000,80.50000,80.25000,18900400,0.007786,79.85000
11850,2011-06-30,XOM,80.27000,81.41000,81.38000,19946100,0.014081,80.39000
11850,2011-07-01,XOM,80.59000,82.09000,82.01000,18050100,0.007742,81.19000
11850,2011-07-05,XOM,81.25800,82.12000,81.60000,18859300,-0.004999,81.30000
11850,2011-07-06,XOM,80.85000,81.66000,81.57000,15042800,-0.000368,81.40000
11850,2011-07-07,XOM,81.87000,82.60000,82.36000,18379400,0.009685,82.27000
11850,2011-07-08,XOM,81.46500,82.53000,82.42000,18336500,0.000728,81.58000
11850,2011-07-11,XOM,81.12000,82.11000,81.90000,20717100,-0.006309,81.30000
11850,2011-07-12,XOM,81.50000,83.01000,81.89000,22639900,-0.000122,81.51000
11850,2011-07-13,XOM,82.08000,83.46000,82.48000,19017900,0.007205,82.27000
11850,2011-07-14,XOM,82.09000,83.11000,82.24000,19416200,-0.002910,83.05000
11850,2011-07-15,XOM,82.26000,83.09000,83.00000,22711300,0.009241,82.42000
11850,2011-07-18,XOM,82.08000,82.85000,82.65000,17343500,-0.004217,82.29000
11850,2011-07-19,XOM,82.80000,83.76000,83.63000,16425700,0.011857,82.90000
11850,2011-07-20,XOM,83.17000,83.89000,83.30000,12809400,-0.003946,83.84000
11850,2011-07-21,XOM,83.75000,85.24000,85.02000,21365300,0.020648,83.86000
11850,2011-07-22,XOM,84.54000,85.41000,85.22000,13153900,0.002352,85.20000
11850,2011-07-25,XOM,84.20000,85.13000,84.57000,14016600,-0.007627,84.20000
11850,2011-07-26,XOM,84.04010,85.10000,84.37000,16226900,-0.002365,84.67000
11850,2011-07-27,XOM,83.24000,84.25000,83.31000,19826100,-0.012564,83.79000
11850,2011-07-28,XOM,81.15000,82.45000,81.46000,24557600,-0.022206,81.74000
11850,2011-07-29,XOM,79.76000,80.88000,79.79000,26610200,-0.020501,80.79000
11850,2011-08-01,XOM,78.74000,81.18000,79.60000,22868700,-0.002381,80.82000
11850,2011-08-02,XOM,77.82000,79.61000,77.84000,28410400,-0.022111,78.90000
11850,2011-08-03,XOM,76.46000,78.10000,77.72000,28373300,-0.001542,77.94000
11850,2011-08-04,XOM,73.51000,77.13000,73.84000,42632500,-0.049923,76.68000
11850,2011-08-05,XOM,72.07000,75.79500,74.82000,47168100,0.013272,75.01000
11850,2011-08-08,XOM,69.90000,73.44000,70.19000,58863900,-0.061882,72.74000
11850,2011-08-09,XOM,67.03000,71.87000,71.64000,61753200,0.020658,70.79000
11850,2011-08-10,XOM,67.46000,70.99000,68.03000,47763600,-0.043830,70.74000
11850,2011-08-11,XOM,68.63000,72.40200,71.58000,50331800,0.052183,68.81000
11850,2011-08-12,XOM,71.60000,73.10000,72.00000,31129000,0.005868,72.36000
11850,2011-08-15,XOM,72.75000,74.37500,74.29000,23389300,0.031806,73.04000
11850,2011-08-16,XOM,72.83000,74.34000,73.50000,26343600,-0.010634,73.35000
11850,2011-08-17,XOM,73.50000,74.75000,74.16000,18269800,0.008980,74.29000
11850,2011-08-18,XOM,70.21000,72.79000,70.94000,35459900,-0.043420,72.41000
11850,2011-08-19,XOM,69.67000,71.98000,69.80000,34936500,-0.016070,70.07000
11850,2011-08-22,XOM,69.58000,72.16000,70.18000,27202800,0.005444,72.15000
11850,2011-08-23,XOM,70.52000,73.80000,73.66000,38062200,0.049587,70.60000
11850,2011-08-24,XOM,72.27000,73.86000,73.54000,22756600,-0.001629,72.96000
11850,2011-08-25,XOM,71.27000,73.92000,71.77000,30924500,-0.024069,73.64000
11850,2011-08-26,XOM,70.21000,73.00000,72.64000,26978600,0.012122,70.88000
11850,2011-08-29,XOM,72.98000,74.22000,74.12000,18967900,0.020374,73.33000
11850,2011-08-30,XOM,72.97000,74.40000,73.91000,22440400,-0.002833,73.59000
11850,2011-08-31,XOM,73.34000,74.87000,74.02000,29191500,0.001488,74.36000
11850,2011-09-01,XOM,73.45000,74.86000,73.49000,23395400,-0.007160,74.15000
11850,2011-09-02,XOM,71.50000,72.69000,72.14000,21071800,-0.018370,72.11000
11850,2011-09-06,XOM,69.91000,71.32000,71.15000,25416400,-0.013723,70.14000
11850,2011-09-07,XOM,71.75000,73.65000,73.65000,23113000,0.035137,72.24000
11850,2011-09-08,XOM,72.54000,74.33930,72.82000,22438500,-0.011270,73.39000
11850,2011-09-09,XOM,70.59250,72.57000,71.01000,27969400,-0.024856,72.17000
11850,2011-09-12,XOM,69.87000,71.89000,71.84000,26206600,0.011688,70.34000
11850,2011-09-13,XOM,70.81000,71.98000,71.65000,22828500,-0.002645,71.76000
11850,2011-09-14,XOM,71.16000,73.76000,72.64000,26044200,0.013817,71.96000
11850,2011-09-15,XOM,72.68000,74.06000,74.01000,21861200,0.018860,73.43000
11850,2011-09-16,XOM,73.57000,74.75000,74.55000,34654700,0.007296,74.52000
11850,2011-09-19,XOM,72.50000,74.10000,73.70000,19824000,-0.011402,72.91000
11850,2011-09-20,XOM,73.44000,74.98000,74.01000,20421100,0.004206,73.87000
11850,2011-09-21,XOM,71.83000,74.29000,71.97000,23812700,-0.027564,73.88000
11850,2011-09-22,XOM,68.17000,70.46000,69.24000,43224500,-0.037933,69.94000
11850,2011-09-23,XOM,67.93000,70.11000,69.31000,26583300,0.001011,68.46000
11850,2011-09-26,XOM,69.50000,71.89000,71.72000,30345200,0.034771,70.01000
11850,2011-09-27,XOM,72.42000,74.34010,72.91000,26691700,0.016592,73.33000
11850,2011-09-28,XOM,71.86000,74.29500,72.07000,26027300,-0.011521,72.43000
11850,2011-09-29,XOM,72.67000,74.04000,73.88000,27714900,0.025114,73.12000
11850,2011-09-30,XOM,72.63000,74.59000,72.63000,30921400,-0.016919,72.76000
11850,2011-10-03,XOM,71.15000,73.09500,71.15000,31005400,-0.020377,72.05000
11850,2011-10-04,XOM,69.21000,73.15000,72.83000,36460200,0.023612,70.25000
11850,2011-10-05,XOM,72.21000,74.00000,73.95000,28243700,0.015378,72.67000
11850,2011-10-06,XOM,72.63000,74.00000,73.89000,24871500,-0.000811,73.30000
11850,2011-10-07,XOM,73.03000,74.52000,73.56000,23574800,-0.004466,74.47000
11850,2011-10-10,XOM,74.65000,76.29000,76.28000,20465700,0.036977,74.73000
11850,2011-10-11,XOM,75.71000,76.67000,76.27000,17863900,-0.000131,75.78000
11850,2011-10-12,XOM,76.31000,77.66000,77.16000,22240100,0.011669,76.74000
11850,2011-10-13,XOM,75.84000,76.79050,76.37000,19540200,-0.010238,76.22000
11850,2011-10-14,XOM,77.07000,78.23000,78.11000,17871900,0.022784,77.10000
11850,2011-10-17,XOM,77.12000,78.49000,77.47000,18837400,-0.008194,77.87000
11850,2011-10-18,XOM,77.02000,79.51000,78.89000,23878600,0.018330,77.57000
11850,2011-10-19,XOM,77.92000,79.24000,78.43000,20911800,-0.005831,78.57000
11850,2011-10-20,XOM,77.83000,79.11000,78.71000,22228400,0.003570,78.32000
11850,2011-10-21,XOM,79.18000,80.16000,80.13000,27855200,0.018041,79.59000
11850,2011-10-24,XOM,79.55000,80.50000,80.17000,19863300,0.000499,79.92000
11850,2011-10-25,XOM,79.05000,80.49000,79.44000,23434700,-0.009106,79.83000
11850,2011-10-26,XOM,79.28000,81.27000,81.07000,27174600,0.020519,80.16000
11850,2011-10-27,XOM,80.69000,82.20000,81.88000,35502400,0.009991,81.91000
11850,2011-10-28,XOM,80.44000,81.99000,81.48000,21755700,-0.004885,80.99000
11850,2011-10-31,XOM,78.00000,80.64000,78.09000,30619800,-0.041605,80.59000
11850,2011-11-01,XOM,75.45000,77.11000,75.94000,35846400,-0.027532,75.82000
11850,2011-11-02,XOM,76.50000,77.59000,77.37000,21773200,0.018831,77.37000
11850,2011-11-03,XOM,77.44000,79.00000,78.86000,24483300,0.019258,78.19000
11850,2011-11-04,XOM,77.37540,78.61000,78.52000,18193700,-0.004311,78.07000
11850,2011-11-07,XOM,78.12000,79.49000,79.35000,17999000,0.010571,78.82000
11850,2011-11-08,XOM,78.63000,79.88000,79.76000,19025200,0.011090,79.25000
11850,2011-11-09,XOM,77.03000,78.92000,77.39000,24130100,-0.029714,77.90000
11850,2011-11-10,XOM,77.64000,79.02000,78.70000,18669400,0.016927,78.53000
11850,2011-11-11,XOM,79.34000,79.95000,79.72000,15134900,0.012961,79.63000
11850,2011-11-14,XOM,78.39000,79.75000,78.96000,13590300,-0.009533,79.53000
11850,2011-11-15,XOM,78.50000,79.85000,79.09000,19478000,0.001646,78.86000
11850,2011-11-16,XOM,78.06000,79.75000,78.25000,20378800,-0.010621,78.24000
11850,2011-11-17,XOM,77.10000,79.42530,77.86000,25967000,-0.004984,78.12000
11850,2011-11-18,XOM,77.11000,78.68000,77.90000,23108000,0.000514,78.22000
11850,2011-11-21,XOM,76.06000,77.33000,76.91000,20204400,-0.012709,76.53000
11850,2011-11-22,XOM,75.88000,77.10000,76.03000,18925000,-0.011442,76.38000
11850,2011-11-23,XOM,74.53000,75.32000,74.58000,23332800,-0.019071,75.03000
11850,2011-11-25,XOM,73.90000,75.20000,73.90000,10254500,-0.009118,74.51000
11850,2011-11-28,XOM,75.33000,76.51000,75.84000,20151800,0.026252,75.84000
11850,2011-11-29,XOM,76.14000,77.50000,76.93000,19769900,0.014372,76.41000
11850,2011-11-30,XOM,78.37000,80.53000,80.44000,33955300,0.045626,78.42000
11850,2011-12-01,XOM,79.37000,80.35000,79.79000,17261000,-0.008081,80.20000
11850,2011-12-02,XOM,79.65000,80.74000,79.79000,19461500,0.000000,80.67000
11850,2011-12-05,XOM,79.80000,81.18000,80.45000,18295900,0.008272,80.88000
11850,2011-12-06,XOM,80.29000,81.64000,80.82000,20122900,0.004599,80.63000
11850,2011-12-07,XOM,80.35000,81.86000,81.08000,19645800,0.003217,80.61000
11850,2011-12-08,XOM,79.55000,80.85000,79.87000,18443600,-0.014924,80.75000
11850,2011-12-09,XOM,80.34000,81.75000,81.34000,21843200,0.018405,80.63000
11850,2011-12-12,XOM,79.21000,81.09000,80.05000,17848100,-0.015859,80.73000
11850,2011-12-13,XOM,80.14000,81.81000,80.53000,21873600,0.005996,80.61000
11850,2011-12-14,XOM,78.66000,80.16500,79.44000,23936700,-0.013535,79.59000
11850,2011-12-15,XOM,79.78000,80.60000,80.03000,17961800,0.007427,79.93000
11850,2011-12-16,XOM,79.88000,80.91000,80.16000,33466000,0.001624,80.74000
11850,2011-12-19,XOM,79.38000,80.46000,79.53000,16048700,-0.007859,80.24000
11850,2011-12-20,XOM,80.61000,82.00000,82.00000,21165200,0.031057,80.66000
11850,2011-12-21,XOM,82.00000,83.34000,83.12000,19160700,0.013659,82.02000
11850,2011-12-22,XOM,83.30000,84.83000,84.29000,19842600,0.014076,83.56000
11850,2011-12-23,XOM,84.21000,85.23000,85.22000,10251200,0.011033,84.28000
11850,2011-12-27,XOM,84.95000,85.63000,85.28000,10147500,0.000704,84.97000
11850,2011-12-28,XOM,84.01000,85.44000,84.18000,12772200,-0.012899,85.15000
11850,2011-12-29,XOM,84.09000,85.33000,85.27000,10866100,0.012948,84.09000
11850,2011-12-30,XOM,84.57000,85.29000,84.76000,9769400,-0.005981,85.16000
11850,2012-01-03,XOM,85.90000,86.67350,86.00000,20907600,0.014630,85.97000
11850,2012-01-04,XOM,85.10000,86.15000,86.02000,16131400,0.000233,85.79000
11850,2012-01-05,XOM,84.92000,85.95000,85.76000,17453900,-0.003022,85.64000
11850,2012-01-06,XOM,85.11000,86.00000,85.12000,15942100,-0.007463,85.92000
11850,2012-01-09,XOM,84.97000,85.64000,85.50000,11667300,0.004464,85.00000
11850,2012-01-10,XOM,85.38000,86.21000,85.72000,13080700,0.002573,86.07000
11850,2012-01-11,XOM,84.47000,85.40000,85.08000,14839800,-0.007466,85.10000
11850,2012-01-12,XOM,83.94000,84.92000,84.74000,17359500,-0.003996,84.39000
11850,2012-01-13,XOM,83.82000,84.92000,84.88000,15551600,0.001652,84.16000
11850,2012-01-17,XOM,85.40000,86.13000,85.69000,15628500,0.009543,85.75000
11850,2012-01-18,XOM,84.96000,86.50000,86.45000,16754500,0.008869,85.30000
11850,2012-01-19,XOM,85.77000,87.24000,87.03000,16383400,0.006709,86.34000
11850,2012-01-20,XOM,86.72000,87.49000,87.49000,19221900,0.005286,87.08000
11850,2012-01-23,XOM,87.03000,87.94000,87.47000,15349200,-0.000229,87.50000
11850,2012-01-24,XOM,86.66000,87.22500,87.18000,12364900,-0.003315,87.08000
11850,2012-01-25,XOM,85.81000,87.38000,87.22000,18202200,0.000459,86.77000
11850,2012-01-26,XOM,86.51000,87.71000,86.77000,15663400,-0.005159,87.64000
11850,2012-01-27,XOM,85.77000,86.50500,85.83000,15978500,-0.010833,86.24000
11850,2012-01-30,XOM,84.59000,85.50000,85.49000,17870100,-0.003961,85.27000
11850,2012-01-31,XOM,83.46000,85.34000,83.74000,27230000,-0.020470,84.92000
11850,2012-02-01,XOM,83.37750,84.56000,83.97000,22266600,0.002747,84.23000
11850,2012-02-02,XOM,83.19000,84.34000,83.53000,18021000,-0.005240,84.28000
11850,2012-02-03,XOM,84.05000,85.00000,84.92000,16145300,0.016641,84.24000
11850,2012-02-06,XOM,84.49000,85.85000,85.75000,15002500,0.009774,84.87000
11850,2012-02-07,XOM,84.94000,86.44000,86.34000,15818800,0.006880,85.22000
11850,2012-02-08,XOM,84.73000,86.22000,85.32000,14762500,-0.006370,85.83000
11850,2012-02-09,XOM,84.67000,85.69000,84.88000,17073400,-0.005157,85.33000
11850,2012-02-10,XOM,83.35000,84.10000,83.80000,15333600,-0.012724,84.02000
11850,2012-02-13,XOM,83.89000,84.59500,84.42000,11474100,0.007399,84.34000
11850,2012-02-14,XOM,83.85000,84.71000,84.67000,12962700,0.002961,84.42000
11850,2012-02-15,XOM,83.91000,84.92000,84.12000,13912900,-0.006496,84.86000
11850,2012-02-16,XOM,84.08000,85.62000,85.41000,14771500,0.015335,84.45000
11850,2012-02-17,XOM,84.92000,86.12000,85.62000,16605000,0.002459,86.07000
11850,2012-02-21,XOM,86.04000,86.78000,86.57000,15482500,0.011096,86.04000
11850,2012-02-22,XOM,86.65000,87.25000,86.92000,11983900,0.004043,86.84000
11850,2012-02-23,XOM,86.47000,87.17000,87.02000,12405700,0.001150,86.58000
11850,2012-02-24,XOM,87.01000,87.47000,87.34000,10771400,0.003677,87.37000
11850,2012-02-27,XOM,86.78000,87.83000,87.23000,13332200,-0.001259,87.15000
11850,2012-02-28,XOM,86.55000,87.44000,87.14000,14322100,-0.001032,87.23000
11850,2012-02-29,XOM,86.21000,87.49000,86.50000,18295800,-0.007344,87.45000
11850,2012-03-01,XOM,86.41000,87.17500,86.83000,12640600,0.003815,86.47000
11850,2012-03-02,XOM,85.85000,86.75000,86.33000,11346900,-0.005758,86.66000
11850,2012-03-05,XOM,85.91000,87.09000,87.01000,12806200,0.007877,86.17000
11850,2012-03-06,XOM,85.42000,86.47860,85.86000,16508500,-0.013217,86.24000
11850,2012-03-07,XOM,85.19000,86.12000,85.83000,14768300,-0.000349,86.01000
11850,2012-03-08,XOM,84.63000,85.47000,84.83000,19033200,-0.011651,85.00000
11850,2012-03-09,XOM,84.05000,85.13000,84.30000,17042400,-0.006248,85.06000
11850,2012-03-12,XOM,84.13000,85.75000,85.55000,19019200,0.014828,84.50000
11850,2012-03-13,XOM,85.61000,86.93000,86.86000,16845500,0.015313,85.89000
11850,2012-03-14,XOM,85.74000,86.83000,86.02000,16187900,-0.009671,86.59000
11850,2012-03-15,XOM,85.25000,86.20000,86.09000,14524500,0.000814,85.89000
11850,2012-03-16,XOM,85.92000,86.89480,86.44000,30992600,0.004066,86.20000
11850,2012-03-19,XOM,86.03000,87.18000,86.99000,10770600,0.006363,86.08000
11850,2012-03-20,XOM,86.32010,87.10000,86.60000,13618200,-0.004483,86.46000
11850,2012-03-21,XOM,85.77000,86.59000,86.01000,14212600,-0.006813,86.59000
11850,2012-03-22,XOM,85.10000,85.94000,85.33000,13884700,-0.007906,85.48000
11850,2012-03-23,XOM,85.02000,85.98000,85.55000,12558200,0.002578,85.36000
11850,2012-03-26,XOM,86.07000,87.25000,87.03000,17337700,0.017300,86.18000
11850,2012-03-27,XOM,86.54000,87.25000,86.62000,12509100,-0.004711,87.14000
11850,2012-03-28,XOM,85.14000,86.48000,85.86000,16156700,-0.008774,86.36000
11850,2012-03-29,XOM,84.91000,86.13000,86.08000,13200400,0.002562,85.32000
11850,2012-03-30,XOM,86.09000,86.76000,86.73000,12970800,0.007551,86.48000
11850,2012-04-02,XOM,86.31000,87.67000,87.07000,13856300,0.003920,86.60000
11850,2012-04-03,XOM,85.00000,86.78000,85.83000,17717500,-0.014241,86.75000
11850,2012-04-04,XOM,84.49000,85.35850,84.98000,17114900,-0.009903,85.30000
11850,2012-04-05,XOM,84.35000,85.38000,84.82000,11957900,-0.001883,84.56000
11850,2012-04-09,XOM,83.68000,84.36000,83.88000,11028700,-0.011082,83.98000
11850,2012-04-10,XOM,81.88000,83.75000,82.17000,19994300,-0.020386,83.75000
11850,2012-04-11,XOM,82.15000,83.35000,82.70000,15856700,0.006450,83.11000
11850,2012-04-12,XOM,82.36000,83.73000,83.60000,15266300,0.010883,82.65000
11850,2012-04-13,XOM,82.86000,83.69000,82.95000,13858600,-0.007775,82.97000
11850,2012-04-16,XOM,83.13000,84.39000,84.01000,17526000,0.012779,83.24000
11850,2012-04-17,XOM,84.57000,85.60000,85.45000,14209600,0.017141,84.65000
11850,2012-04-18,XOM,85.02000,86.05000,85.75000,12997500,0.003511,85.06000
11850,2012-04-19,XOM,84.98000,85.92000,85.28000,15975400,-0.005481,85.51000
11850,2012-04-20,XOM,85.03000,85.92000,85.30000,17216900,0.000235,85.55000
11850,2012-04-23,XOM,84.39000,85.93000,85.69000,15197100,0.004572,84.53000
11850,2012-04-24,XOM,85.64000,86.39000,86.31000,11632900,0.007235,85.64000
11850,2012-04-25,XOM,85.72000,87.18000,86.85000,18478700,0.006257,86.65000
11850,2012-04-26,XOM,85.15000,86.20000,86.07000,17263700,-0.008981,85.28000
11850,2012-04-27,XOM,85.96000,86.69000,86.08000,10680400,0.000116,86.50000
11850,2012-04-30,XOM,85.87000,86.80000,86.34000,11735700,0.003020,85.96000
11850,2012-05-01,XOM,86.13000,87.52000,87.04000,13818300,0.008108,86.46000
11850,2012-05-02,XOM,85.83000,86.65000,86.20000,11108900,-0.009651,86.56000
11850,2012-05-03,XOM,85.31000,86.39000,85.65000,9998800,-0.006380,86.36000
11850,2012-05-04,XOM,84.40000,85.31000,84.57000,15056300,-0.012609,85.11000
11850,2012-05-07,XOM,84.10000,84.79000,84.48000,12018400,-0.001064,84.29000
11850,2012-05-08,XOM,82.91500,84.26000,84.02000,19607100,-0.005445,83.75000
11850,2012-05-09,XOM,82.88000,84.07000,83.31000,17428800,-0.008450,83.04000
11850,2012-05-10,XOM,82.55000,83.59000,82.84000,13236000,0.001200,83.37000
11850,2012-05-11,XOM,82.54000,83.79000,83.10000,12063000,0.003139,82.69000
11850,2012-05-14,XOM,81.96000,82.46000,82.12000,12676300,-0.011793,82.27000
11850,2012-05-15,XOM,81.52700,82.73000,81.79000,15763800,-0.004019,82.00000
11850,2012-05-16,XOM,81.79000,83.15000,82.17000,15040900,0.004646,81.96000
11850,2012-05-17,XOM,81.68000,82.61000,81.91000,17700400,-0.003164,82.15000
11850,2012-05-18,XOM,81.03000,82.72000,81.47000,21747600,-0.005372,82.37000
11850,2012-05-21,XOM,81.07000,82.13000,82.04000,13730800,0.006996,81.42000
11850,2012-05-22,XOM,81.52000,82.84310,81.95000,13790000,-0.001097,82.14000
11850,2012-05-23,XOM,79.96000,82.08000,82.04000,17582500,0.001098,81.79000
11850,2012-05-24,XOM,81.70500,82.78000,82.61000,14114400,0.006948,82.29000
11850,2012-05-25,XOM,81.68000,82.96000,82.08000,12756600,-0.006416,82.86000
11850,2012-05-29,XOM,81.32000,82.64000,81.93000,15932000,-0.001828,82.64000
11850,2012-05-30,XOM,79.59000,81.38000,79.79000,19593000,-0.026120,81.08000
11850,2012-05-31,XOM,78.41000,80.14000,78.63000,38958200,-0.014538,79.88000
11850,2012-06-01,XOM,77.47000,78.56000,77.92000,22872900,-0.009030,77.87000
11850,2012-06-04,XOM,77.20000,78.25000,77.83000,17712300,-0.001155,78.09000
11850,2012-06-05,XOM,77.13000,78.29000,77.60000,17721000,-0.002955,77.59000
11850,2012-06-06,XOM,78.08000,80.24000,80.18000,23882300,0.033247,78.37000
11850,2012-06-07,XOM,80.35000,81.23000,80.69000,18415100,0.006361,80.98000
11850,2012-06-08,XOM,79.46000,80.92000,80.84000,18146400,0.001859,80.08000
11850,2012-06-11,XOM,80.17000,81.85000,80.27000,18035300,-0.007051,81.62000
11850,2012-06-12,XOM,80.62000,81.51000,81.26000,14167500,0.012333,80.74000
11850,2012-06-13,XOM,80.28000,81.64000,80.63000,15098100,-0.007753,80.94000
11850,2012-06-14,XOM,80.73000,82.50000,82.13000,16943700,0.018603,80.86000
11850,2012-06-15,XOM,82.22000,83.45000,83.22000,27350200,0.013272,82.57000
11850,2012-06-18,XOM,82.35000,83.18000,83.11000,13885000,-0.001322,82.51000
11850,2012-06-19,XOM,83.31000,84.63000,84.48000,21053200,0.016484,83.73000
11850,2012-06-20,XOM,84.06000,85.39000,84.97000,23275000,0.005800,84.40000
11850,2012-06-21,XOM,82.05000,85.37000,82.11000,33752400,-0.033659,85.04000
11850,2012-06-22,XOM,82.11000,83.22000,82.11000,84752600,0.000000,82.68000
11850,2012-06-25,XOM,79.78000,81.43500,81.24000,28765500,-0.010596,81.22000
11850,2012-06-26,XOM,81.21000,82.97000,82.40000,22854600,0.014279,81.51000
11850,2012-06-27,XOM,82.71000,83.66000,83.20000,15302100,0.009709,82.81000
11850,2012-06-28,XOM,82.01860,83.46000,83.10000,19141000,-0.001202,82.66000
11850,2012-06-29,XOM,84.46000,85.70000,85.57000,24914500,0.029723,84.78000
11850,2012-07-02,XOM,84.54000,85.47000,85.34000,14448000,-0.002688,85.44000
11850,2012-07-03,XOM,85.62000,86.28000,86.28000,9791100,0.011015,85.69000
11850,2012-07-05,XOM,85.15000,86.04000,85.57000,10797200,-0.008229,85.33000
11850,2012-07-06,XOM,84.20000,85.04000,84.80000,13260900,-0.008998,84.26000
11850,2012-07-09,XOM,83.02000,84.55000,83.65000,22366700,-0.013561,84.52000
11850,2012-07-10,XOM,82.83000,84.39000,83.11000,14112000,-0.006455,84.08000
11850,2012-07-11,XOM,83.24000,84.68000,84.38000,18340700,0.015281,83.48000
11850,2012-07-12,XOM,83.32000,84.55000,84.12000,15567100,-0.003081,83.41000
11850,2012-07-13,XOM,84.26000,85.57000,85.47000,13642800,0.016048,84.45000
11850,2012-07-16,XOM,84.66000,85.42000,85.05000,11269900,-0.004914,84.83000
11850,2012-07-17,XOM,84.10000,85.82000,85.73000,14059300,0.007995,85.18000
11850,2012-07-18,XOM,85.07000,86.22000,86.21000,14203400,0.005599,85.34000
11850,2012-07-19,XOM,85.62000,86.38000,86.21000,14902200,0.000000,86.02000
11850,2012-07-20,XOM,85.26600,86.15000,85.95000,16838300,-0.003016,85.87000
11850,2012-07-23,XOM,84.33000,85.46000,85.21000,13599600,-0.008610,84.80000
11850,2012-07-24,XOM,83.50000,85.26000,84.58000,13948600,-0.007393,85.21000
11850,2012-07-25,XOM,84.66000,85.55000,85.24000,16565900,0.007803,85.14000
11850,2012-07-26,XOM,85.26000,86.70000,86.52000,19150800,0.015016,85.56000
11850,2012-07-27,XOM,85.50000,87.85000,87.45000,24088100,0.010749,86.59000
11850,2012-07-30,XOM,87.08000,87.83000,87.56000,11183900,0.001258,87.28000
11850,2012-07-31,XOM,86.79000,87.66020,86.85000,12215800,-0.008109,87.37000
11850,2012-08-01,XOM,86.18000,87.45000,86.91000,14312300,0.000691,87.02000
11850,2012-08-02,XOM,85.50000,86.75000,85.88000,14530400,-0.011851,86.10000
11850,2012-08-03,XOM,86.80000,87.89000,87.55000,13983200,0.019446,87.07000
11850,2012-08-06,XOM,87.37000,87.88000,87.45000,9629700,-0.001142,87.55000
11850,2012-08-07,XOM,87.68160,88.00000,87.92000,12400100,0.005375,87.88000
11850,2012-08-08,XOM,87.68000,88.50000,88.28000,12864800,0.004095,87.75000
11850,2012-08-09,XOM,87.51000,88.48000,88.20000,12215200,0.005551,87.84000
11850,2012-08-10,XOM,87.15000,88.48880,88.44000,11149700,0.002721,87.67000
11850,2012-08-13,XOM,87.77000,88.24000,88.14000,8716300,-0.003392,88.10000
11850,2012-08-14,XOM,87.90000,88.64000,88.20000,8676200,0.000681,88.17000
11850,2012-08-15,XOM,87.91000,88.67000,88.00000,8510600,-0.002268,88.19000
11850,2012-08-16,XOM,87.96000,88.87000,88.67000,11313900,0.007614,88.19000
11850,2012-08-17,XOM,88.16000,88.91000,88.40000,11177600,-0.003045,88.89000
11850,2012-08-20,XOM,87.63000,88.22000,87.95000,8814000,-0.005091,88.07000
11850,2012-08-21,XOM,87.26000,88.41000,87.46000,10767700,-0.005571,88.14000
11850,2012-08-22,XOM,87.02000,87.91000,87.73000,10160700,0.003087,87.20000
11850,2012-08-23,XOM,86.98000,87.79000,87.31000,9667200,-0.004787,87.79000
11850,2012-08-24,XOM,86.93000,88.30000,88.05000,9762200,0.008476,87.16000
11850,2012-08-27,XOM,87.61000,88.19500,87.74000,8252600,-0.003521,88.07000
11850,2012-08-28,XOM,87.42000,88.40000,88.10000,9649400,0.004103,87.57000
11850,2012-08-29,XOM,87.74000,88.19000,87.90000,8377700,-0.002270,88.07000
11850,2012-08-30,XOM,87.02000,87.73000,87.20000,8915800,-0.007964,87.38000
11850,2012-08-31,XOM,87.14000,87.85000,87.30000,14182600,0.001147,87.61000
11850,2012-09-04,XOM,86.52000,87.46000,87.12000,10604700,-0.002062,87.33000
11850,2012-09-05,XOM,87.06000,87.65500,87.33000,10114700,0.002410,87.52000
11850,2012-09-06,XOM,87.85000,89.25000,88.99000,15715500,0.019008,87.89000
11850,2012-09-07,XOM,89.27000,90.00000,89.92000,15626100,0.010451,89.27000
11850,2012-09-10,XOM,89.40000,90.00000,89.48000,10753000,-0.004893,89.82000
11850,2012-09-11,XOM,89.55000,89.95000,89.62000,9349600,0.001565,89.75000
11850,2012-09-12,XOM,89.41000,89.90000,89.55000,9983200,-0.000781,89.63000
11850,2012-09-13,XOM,89.43000,91.56000,91.23000,19875000,0.018760,89.71000
11850,2012-09-14,XOM,91.25000,92.40000,92.30000,21390600,0.011729,91.50000
11850,2012-09-17,XOM,91.55000,92.50000,91.91000,11894100,-0.004225,91.92000
11850,2012-09-18,XOM,91.40000,92.22000,91.65000,10950100,-0.002829,91.43000
11850,2012-09-19,XOM,90.57000,91.75000,90.57000,16302200,-0.011784,91.48000
11850,2012-09-20,XOM,90.09000,91.69000,91.52000,12238700,0.010489,90.14000
11850,2012-09-21,XOM,91.64000,92.23010,91.92000,19608100,0.004371,92.03000
11850,2012-09-24,XOM,91.30000,92.21000,91.88000,11024500,-0.000435,91.31000
11850,2012-09-25,XOM,91.54000,92.57000,91.74000,14036100,-0.001524,92.11000
11850,2012-09-26,XOM,91.10000,92.03950,91.23000,11616800,-0.005559,91.72000
11850,2012-09-27,XOM,91.19000,92.25000,91.80000,10634300,0.006248,91.83000
11850,2012-09-28,XOM,90.93000,91.65000,91.45000,12508400,-0.003813,91.48000
11850,2012-10-01,XOM,91.60000,92.50000,91.80000,10346400,0.003827,91.79000
11850,2012-10-02,XOM,91.28000,92.18000,91.72000,9507900,-0.000871,92.12000
11850,2012-10-03,XOM,91.17000,91.80500,91.70000,10329300,-0.000218,91.65000
11850,2012-10-04,XOM,91.91000,92.54330,92.22000,11509300,0.005671,92.08000
11850,2012-10-05,XOM,92.23000,93.00000,92.55000,9894400,0.003578,92.59000
11850,2012-10-08,XOM,92.04000,92.87000,92.68000,8765200,0.001405,92.15000
11850,2012-10-09,XOM,92.11000,93.36000,92.13000,13799600,-0.005934,92.83000
11850,2012-10-10,XOM,90.67000,92.02000,91.03000,15334700,-0.011940,91.80000
11850,2012-10-11,XOM,91.17000,91.87500,91.17000,9791600,0.001538,91.57000
11850,2012-10-12,XOM,90.51000,91.72000,91.03000,9944100,-0.001536,91.51000
11850,2012-10-15,XOM,90.54000,91.69000,91.51000,10651600,0.005273,91.35000
11850,2012-10-16,XOM,91.80000,92.48000,92.38000,9070400,0.009507,91.89000
11850,2012-10-17,XOM,92.61000,93.54000,93.39000,10759100,0.010933,92.62000
11850,2012-10-18,XOM,92.97000,93.57000,93.48000,11816300,0.000964,92.97000
11850,2012-10-19,XOM,91.75000,93.67000,92.15000,15929700,-0.014228,93.57000
11850,2012-10-22,XOM,91.08000,92.26000,92.19000,11446900,0.000434,91.67000
11850,2012-10-23,XOM,90.01000,91.38000,90.18000,14085600,-0.021803,91.13000
11850,2012-10-24,XOM,89.77000,90.62000,89.88000,11332500,-0.003327,90.46000
11850,2012-10-25,XOM,89.68000,90.80000,90.43000,10387100,0.006119,90.63000
11850,2012-10-26,XOM,90.01000,91.07000,90.62000,11585300,0.002101,90.56000
11850,2012-10-31,XOM,90.11000,91.41000,91.17000,14848900,0.006069,91.03000
11850,2012-11-01,XOM,90.20000,91.67000,91.60000,15778600,0.004716,90.25000
11850,2012-11-02,XOM,90.06000,91.94000,90.27000,12744800,-0.014520,91.76000
11850,2012-11-05,XOM,89.70000,90.81000,90.63000,11222800,0.003988,90.04000
11850,2012-11-06,XOM,90.73000,92.05000,91.61000,12027800,0.010813,90.86000
11850,2012-11-07,XOM,87.70000,90.24000,88.18000,19423500,-0.031219,90.24000
11850,2012-11-08,XOM,87.03000,88.42530,87.06950,13745200,-0.012594,88.27000
11850,2012-11-09,XOM,86.61000,87.94500,87.21000,13407000,0.001614,86.61000
11850,2012-11-12,XOM,86.95000,87.69000,87.32000,9004500,0.001261,87.27000
11850,2012-11-13,XOM,86.44000,87.99000,86.47000,12262500,-0.009734,86.75000
11850,2012-11-14,XOM,85.88000,87.11000,86.07000,14526200,-0.004626,86.74500
11850,2012-11-15,XOM,85.37000,86.56000,86.14000,13786700,0.000813,86.09000
11850,2012-11-16,XOM,85.06000,86.71000,86.45000,17405700,0.003599,86.14000
11850,2012-11-19,XOM,87.08500,88.20000,87.67000,12911900,0.014112,87.40000
11850,2012-11-20,XOM,86.77000,87.88010,87.50000,10289300,-0.001939,87.51000
11850,2012-11-21,XOM,87.48000,88.02000,88.01000,13909000,0.005829,87.81000
11850,2012-11-23,XOM,88.01000,89.09000,89.09000,11931000,0.012271,88.25000
11850,2012-11-26,XOM,88.03000,88.63000,88.62000,16424200,-0.005275,88.32000
11850,2012-11-27,XOM,87.24000,88.54000,87.35000,11842200,-0.014331,88.40000
11850,2012-11-28,XOM,86.27500,88.19000,88.10000,15959900,0.008586,86.53000
11850,2012-11-29,XOM,87.63000,88.69000,88.12000,11579100,0.000227,88.37000
11850,2012-11-30,XOM,87.82500,88.40000,88.14000,15523500,0.000227,88.07000
11850,2012-12-03,XOM,87.47000,88.58000,87.61000,10937800,-0.006013,88.55000
11850,2012-12-04,XOM,87.19000,87.97000,87.19000,11979900,-0.004794,87.38000
11850,2012-12-05,XOM,87.10000,88.26500,87.73000,12718200,0.006193,87.27000
11850,2012-12-06,XOM,87.24000,88.06000,88.00000,12076900,0.003078,87.76000
11850,2012-12-07,XOM,87.77000,88.64000,88.60000,10609200,0.006818,88.17000
11850,2012-12-10,XOM,88.24000,88.95000,88.41000,11549300,-0.002144,88.58000
11850,2012-12-11,XOM,88.40000,89.49000,88.99000,12635000,0.006560,88.61000
11850,2012-12-12,XOM,88.91000,90.37000,89.45000,14733300,0.005169,89.09000
11850,2012-12-13,XOM,88.27000,89.45000,88.58000,12292500,-0.009726,89.16000
11850,2012-12-14,XOM,87.92000,88.45000,88.08000,13363500,-0.005645,88.00000
11850,2012-12-17,XOM,88.10000,88.94000,88.87000,15677200,0.008969,88.36000
11850,2012-12-18,XOM,88.56000,89.74000,89.56000,15396700,0.007764,88.75000
11850,2012-12-19,XOM,88.38000,89.61000,88.43640,15095000,-0.012546,89.54000
11850,2012-12-20,XOM,87.98000,88.94000,88.89000,15789900,0.005129,88.38000
11850,2012-12-21,XOM,87.01000,88.60000,87.23000,33065000,-0.018675,87.66000
11850,2012-12-24,XOM,86.80000,87.32000,86.92000,6385200,-0.003554,87.13000
11850,2012-12-26,XOM,86.57000,87.68000,87.07000,10738200,0.001726,87.21000
11850,2012-12-27,XOM,85.75000,87.24000,86.86000,14259900,-0.002412,87.05000
11850,2012-12-28,XOM,85.07000,86.28800,85.10000,13359500,-0.020263,86.10000
11850,2012-12-31,XOM,84.70000,86.66000,86.55000,19812700,0.017039,85.04000
11850,2013-01-02,XOM,87.24000,88.72000,88.71000,16148900,0.024957,87.79000
11850,2013-01-03,XOM,88.16000,88.89000,88.55000,13269200,-0.001804,88.46000
11850,2013-01-04,XOM,88.37000,89.09000,88.96000,11428600,0.004630,88.50000
11850,2013-01-07,XOM,87.57000,88.49000,87.93000,11801300,-0.011578,88.31000
11850,2013-01-08,XOM,87.29000,88.48000,88.48000,14229900,0.006255,87.82000
11850,2013-01-09,XOM,87.75500,88.54000,88.14000,10892200,-0.003843,88.40000
11850,2013-01-10,XOM,88.37000,89.48000,89.10000,13100000,0.010892,88.75000
11850,2013-01-11,XOM,88.86500,89.71000,89.61000,11646500,0.005724,88.97000
11850,2013-01-14,XOM,89.31900,89.75000,89.58000,9606600,-0.000335,89.46000
11850,2013-01-15,XOM,89.00000,89.61000,89.53000,9195300,-0.000558,89.18000
11850,2013-01-16,XOM,89.07000,89.48000,89.47000,9645800,-0.000670,89.16000
11850,2013-01-17,XOM,89.60000,90.94000,90.20000,13401400,0.008159,89.76000
11850,2013-01-18,XOM,89.83000,90.83000,90.80000,17197700,0.006652,90.09000
11850,2013-01-22,XOM,90.21000,90.94000,90.92000,11898500,0.001322,90.27000
11850,2013-01-23,XOM,90.42000,90.88000,90.70000,10907100,-0.002420,90.50000
11850,2013-01-24,XOM,90.75000,91.72000,91.35000,11099900,0.007167,90.88000
11850,2013-01-25,XOM,91.13000,91.80000,91.73000,11091800,0.004160,91.57000
11850,2013-01-28,XOM,90.77000,91.67000,91.11000,11618500,-0.006759,91.67000
11850,2013-01-29,XOM,91.20000,91.93000,91.76000,11702200,0.007134,91.21000
11850,2013-01-30,XOM,90.38000,91.72000,90.67000,15647300,-0.011879,91.17000
11850,2013-01-31,XOM,89.74000,91.21000,89.97000,15994800,-0.007720,90.69000
11850,2013-02-01,XOM,89.36000,90.50000,90.04000,15702100,0.000778,90.44000
11850,2013-02-04,XOM,88.84000,89.62000,89.15000,13347400,-0.009884,89.41000
11850,2013-02-05,XOM,89.42000,90.19000,89.74000,11679600,0.006618,89.88000
11850,2013-02-06,XOM,86.58750,89.89000,89.79000,11768600,0.000557,89.37000
11850,2013-02-07,XOM,87.61000,89.22000,88.25000,13464900,-0.010803,89.21000
11850,2013-02-08,XOM,88.11000,88.80000,88.61000,11412200,0.004079,88.50000
11850,2013-02-11,XOM,87.97000,88.51000,88.28000,8764600,-0.003724,88.35000
11850,2013-02-12,XOM,87.92000,88.62000,88.46000,9752600,0.002039,88.25000
11850,2013-02-13,XOM,88.24000,88.77000,88.67000,8940900,0.002374,88.46000
11850,2013-02-14,XOM,88.06000,88.81000,88.52000,13238900,-0.001692,88.34000
11850,2013-02-15,XOM,87.80000,88.61000,88.36000,15697700,-0.001807,88.57000
11850,2013-02-19,XOM,88.38000,89.41000,89.32000,12159700,0.010865,88.54000
11850,2013-02-20,XOM,88.90000,89.82000,88.97000,13937100,-0.003918,89.14000
11850,2013-02-21,XOM,88.36000,89.01800,88.59000,10940700,-0.004271,88.79000
11850,2013-02-22,XOM,88.40500,89.28000,89.20000,10260400,0.006886,89.02000
11850,2013-02-25,XOM,87.70000,90.19100,87.70000,15303700,-0.016816,89.88000
11850,2013-02-26,XOM,87.76000,88.98000,88.51000,15075000,0.009236,88.50000
11850,2013-02-27,XOM,88.31000,89.65000,89.53000,11195800,0.011524,88.50000
11850,2013-02-28,XOM,89.03000,89.81000,89.55000,14556000,0.000223,89.67000
11850,2013-03-01,XOM,88.92000,89.68000,89.43000,11302600,-0.001340,89.07000
11850,2013-03-04,XOM,88.46000,89.25000,88.95000,10995000,-0.005367,89.13000
11850,2013-03-05,XOM,89.28500,90.15000,89.61000,13072900,0.007420,89.48000
11850,2013-03-06,XOM,89.05000,89.95000,89.56000,13234600,-0.000558,89.60000
11850,2013-03-07,XOM,88.68000,89.76000,88.71000,12908100,-0.009491,89.63000
11850,2013-03-08,XOM,88.35000,89.23000,88.97000,11901400,0.002931,89.01000
11850,2013-03-11,XOM,88.54200,89.55000,89.16000,12456600,0.002136,89.01000
11850,2013-03-12,XOM,89.01000,89.91000,89.16000,11470500,0.000000,89.45000
11850,2013-03-13,XOM,88.83000,89.50000,89.26000,10539900,0.001122,89.02000
11850,2013-03-14,XOM,89.41000,89.91000,89.83000,13777000,0.006386,89.41000
11850,2013-03-15,XOM,88.79000,89.61000,89.37000,29246000,-0.005121,89.20000
11850,2013-03-18,XOM,88.55000,89.39000,88.77000,11554800,-0.006714,88.74000
11850,2013-03-19,XOM,88.02010,89.09000,88.58000,11987800,-0.002140,88.89000
11850,2013-03-20,XOM,88.30000,89.21000,88.63000,11319600,0.000564,88.95000
11850,2013-03-21,XOM,87.90000,88.64000,88.17000,13448700,-0.005190,88.12000
11850,2013-03-22,XOM,88.32000,89.29000,89.29000,10786600,0.012703,88.40000
11850,2013-03-25,XOM,88.66000,89.90000,89.02000,12900800,-0.003024,89.50000
11850,2013-03-26,XOM,89.36000,90.30000,90.13000,12329700,0.012469,89.41000
11850,2013-03-27,XOM,89.47000,90.73500,90.58000,12351200,0.004993,89.56000
11850,2013-03-28,XOM,89.99000,90.98000,90.11000,17487800,-0.005189,90.64000
11850,2013-04-01,XOM,89.98000,90.98500,90.77000,9416600,0.007324,90.13000
11850,2013-04-02,XOM,90.28000,90.92000,90.58000,9991900,-0.002093,90.59000
11850,2013-04-03,XOM,89.86000,90.83000,89.93000,12197800,-0.007176,90.65000
11850,2013-04-04,XOM,89.22500,90.33000,89.77000,11582300,-0.001779,90.10000
11850,2013-04-05,XOM,88.40000,89.21000,89.01000,12771800,-0.008466,88.61000
11850,2013-04-08,XOM,88.15010,89.11000,88.60000,11016000,-0.004606,89.11000
11850,2013-04-09,XOM,88.59000,89.34000,88.77000,10755800,0.001919,88.69000
11850,2013-04-10,XOM,88.20000,89.16000,88.68000,14826400,-0.001014,88.45000
11850,2013-04-11,XOM,88.23000,89.27000,89.22000,14980300,0.006089,88.95000
11850,2013-04-12,XOM,88.41000,89.19000,88.99000,11506400,-0.002578,88.88000
11850,2013-04-15,XOM,86.27000,88.67000,86.49000,19636900,-0.028093,88.29000
11850,2013-04-16,XOM,86.08500,87.23000,86.61000,14580500,0.001387,87.19000
11850,2013-04-17,XOM,85.02000,86.38000,86.08000,17341900,-0.006119,86.21000
11850,2013-04-18,XOM,85.78000,87.08000,86.62000,14730300,0.006273,86.28000
11850,2013-04-19,XOM,86.43000,87.49000,87.45000,18393800,0.009582,87.27000
11850,2013-04-22,XOM,87.28500,88.32000,88.09000,11263100,0.007318,87.61000
11850,2013-04-23,XOM,87.94000,89.49000,89.30000,15571100,0.013736,88.39000
11850,2013-04-24,XOM,89.35000,89.89000,89.43000,13034900,0.001456,89.45000
11850,2013-04-25,XOM,87.65000,88.90000,88.07000,16329800,-0.015207,88.89000
11850,2013-04-26,XOM,87.60000,88.28000,88.00000,10793800,-0.000795,87.81000
11850,2013-04-29,XOM,88.01000,88.83000,88.21000,11095600,0.002386,88.26000
11850,2013-04-30,XOM,87.76000,88.99000,88.99000,14585800,0.008843,88.26000
11850,2013-05-01,XOM,87.48000,88.84000,87.51000,11619500,-0.016631,88.52000
11850,2013-05-02,XOM,87.74000,88.84000,88.63000,11331100,0.012798,87.98000
11850,2013-05-03,XOM,88.92000,90.19000,90.02000,13037400,0.015683,89.00000
11850,2013-05-06,XOM,89.93000,90.88000,90.58000,10613400,0.006221,90.25000
11850,2013-05-07,XOM,90.14500,91.15000,91.15000,11089600,0.006293,90.62000
11850,2013-05-08,XOM,91.03000,91.85000,91.70000,13639800,0.006034,91.05000
11850,2013-05-09,XOM,90.69000,91.56000,91.03000,13774100,-0.000436,91.14000
11850,2013-05-10,XOM,89.79000,90.95000,90.14000,10976500,-0.009777,90.87000
11850,2013-05-13,XOM,89.43000,90.14000,90.10000,9812100,-0.000444,89.80000
11850,2013-05-14,XOM,90.02000,91.19000,91.11000,9896800,0.011210,90.15000
11850,2013-05-15,XOM,90.41000,91.32000,91.24000,10400700,0.001427,90.64000
11850,2013-05-16,XOM,90.50000,91.28700,90.70000,10470200,-0.005918,90.80000
11850,2013-05-17,XOM,90.53000,91.88000,91.76000,12724100,0.011687,91.07000
11850,2013-05-20,XOM,91.46000,92.69000,92.52000,12418200,0.008282,91.61000
11850,2013-05-21,XOM,92.38000,93.43000,92.80000,12520500,0.003026,92.67000
11850,2013-05-22,XOM,91.81000,93.50000,92.19000,19259200,-0.006573,92.83000
11850,2013-05-23,XOM,91.36000,92.36000,91.79000,15357800,-0.004339,91.56000
11850,2013-05-24,XOM,91.00000,91.77000,91.53000,12771800,-0.002833,91.38000
11850,2013-05-28,XOM,91.76000,93.18000,92.38000,15198300,0.009287,92.94000
11850,2013-05-29,XOM,91.59000,92.41500,92.08000,11563100,-0.003247,91.76000
11850,2013-05-30,XOM,91.60000,92.68000,92.09000,9741000,0.000109,91.97000
11850,2013-05-31,XOM,90.46000,92.37000,90.47000,17924400,-0.017591,91.95000
11850,2013-06-03,XOM,90.48000,91.51000,91.46000,14180100,0.010943,90.53000
11850,2013-06-04,XOM,90.22010,91.49000,90.79000,12481500,-0.007326,91.18000
11850,2013-06-05,XOM,89.61000,91.12000,89.65000,12888800,-0.012556,90.68000
11850,2013-06-06,XOM,89.00000,90.23000,90.23000,15394200,0.006470,89.45000
11850,2013-06-07,XOM,90.49000,91.50000,91.45000,12507600,0.013521,90.89000
11850,2013-06-10,XOM,90.87000,91.94000,91.12000,10372700,-0.003608,91.93000
11850,2013-06-11,XOM,90.23000,91.03500,90.46000,10739600,-0.007243,90.38000
11850,2013-06-12,XOM,89.59000,91.32000,89.74000,10864400,-0.007959,91.13000
11850,2013-06-13,XOM,89.61000,91.71000,91.33000,13503100,0.017718,89.63000
11850,2013-06-14,XOM,90.29500,91.30000,90.58000,12158500,-0.008212,91.16000
11850,2013-06-17,XOM,90.77000,91.77000,91.51000,12031700,0.010267,90.97000
11850,2013-06-18,XOM,91.26000,92.06000,91.93000,10679800,0.004590,91.36000
11850,2013-06-19,XOM,91.00000,92.27000,91.00000,14192000,-0.010116,91.79000
11850,2013-06-20,XOM,88.79000,90.52000,89.05000,21084400,-0.021429,90.24000
11850,2013-06-21,XOM,88.85000,90.14000,89.48000,25504700,0.004829,89.76000
11850,2013-06-24,XOM,88.02000,89.49950,88.48000,17653500,-0.011176,88.95000
11850,2013-06-25,XOM,88.48000,89.62000,89.11000,15796200,0.007120,89.58000
11850,2013-06-26,XOM,88.73000,89.97000,89.80000,14447100,0.007743,89.42000
11850,2013-06-27,XOM,90.03000,90.67000,90.04000,12349500,0.002673,90.24000
11850,2013-06-28,XOM,89.56000,90.75000,90.35000,22993500,0.003443,89.85000
11850,2013-07-01,XOM,89.96000,91.13000,90.30000,13182600,-0.000553,90.39000
11850,2013-07-02,XOM,90.12000,91.10000,90.64000,12321400,0.003765,90.37000
11850,2013-07-03,XOM,90.14000,90.87000,90.69000,5680100,0.000552,90.63000
11850,2013-07-05,XOM,90.57000,91.61000,91.57000,8918100,0.009703,91.10000
11850,2013-07-08,XOM,91.90030,92.53000,92.25000,12093700,0.007426,91.96000
11850,2013-07-09,XOM,92.25000,93.44000,93.34000,12942300,0.011816,92.64000
11850,2013-07-10,XOM,92.37500,93.39000,92.82000,12432200,-0.005571,93.28000
11850,2013-07-11,XOM,93.04000,93.81000,93.27000,16187500,0.004848,93.80000
11850,2013-07-12,XOM,92.72500,93.45000,93.40000,11372100,0.001394,93.25000
11850,2013-07-15,XOM,93.09000,93.50000,93.25000,8257300,-0.001606,93.19000
11850,2013-07-16,XOM,92.77000,93.47000,93.30000,11413500,0.000536,93.19000
11850,2013-07-17,XOM,93.14000,93.74000,93.46000,9395800,0.001715,93.56000
11850,2013-07-18,XOM,93.71000,94.84000,94.38000,10557200,0.009844,93.80000
11850,2013-07-19,XOM,94.41000,95.25000,95.17000,14435400,0.008370,94.69000
11850,2013-07-22,XOM,94.78000,95.20000,94.83000,9534400,-0.003573,94.87000
11850,2013-07-23,XOM,94.84000,95.49000,95.20000,7379400,0.003902,94.86000
11850,2013-07-24,XOM,94.42000,95.31000,94.99000,8224000,-0.002206,95.31000
11850,2013-07-25,XOM,94.42000,95.31000,94.97000,10060100,-0.000211,94.69000
11850,2013-07-26,XOM,93.84000,94.85990,94.79000,9723000,-0.001895,94.77000
11850,2013-07-29,XOM,93.60500,94.52000,94.03000,8847600,-0.008018,94.51000
11850,2013-07-30,XOM,93.46010,94.33000,93.81000,10472200,-0.002340,94.22000
11850,2013-07-31,XOM,93.37500,94.60000,93.75000,14404100,-0.000640,93.93000
11850,2013-08-01,XOM,91.25000,93.10000,92.73000,23118000,-0.010880,92.69000
11850,2013-08-02,XOM,91.34000,92.53000,91.95000,14411800,-0.008412,92.46000
11850,2013-08-05,XOM,91.01000,91.76000,91.59000,12625900,-0.003915,91.42000
11850,2013-08-06,XOM,91.28000,91.91000,91.47000,11689600,-0.001310,91.33000
11850,2013-08-07,XOM,91.13300,91.55000,91.34000,8163800,-0.001421,91.18000
11850,2013-08-08,XOM,91.28000,91.97000,91.78000,11532000,0.004817,91.93000
11850,2013-08-09,XOM,90.42750,91.36000,90.72000,9468100,-0.004685,91.20000
11850,2013-08-12,XOM,89.69000,90.43000,89.89000,10133900,-0.009149,90.43000
11850,2013-08-13,XOM,89.14000,89.92000,89.40000,10895000,-0.005451,89.85000
11850,2013-08-14,XOM,88.90000,89.48000,88.95000,9798600,-0.005034,89.34000
11850,2013-08-15,XOM,88.06000,88.87000,88.16000,11273700,-0.008881,88.66000
11850,2013-08-16,XOM,87.65000,88.49000,87.91000,11878500,-0.002836,88.01000
11850,2013-08-19,XOM,86.78000,87.87000,86.92000,11745800,-0.011262,87.82000
11850,2013-08-20,XOM,86.83000,87.87000,86.83000,16505300,-0.001035,87.13000
11850,2013-08-21,XOM,86.39000,87.35000,86.42000,12766800,-0.004722,86.95000
11850,2013-08-22,XOM,86.45000,87.42000,86.98000,10202500,0.006480,86.58000
11850,2013-08-23,XOM,86.76000,87.69000,87.52000,9206400,0.006208,87.15000
11850,2013-08-26,XOM,86.82000,87.70000,87.09000,10654700,-0.004913,87.50000
11850,2013-08-27,XOM,86.58000,87.49000,86.82000,13960700,-0.003100,86.62000
11850,2013-08-28,XOM,87.28000,88.99000,88.84000,17744000,0.023266,87.28000
11850,2013-08-29,XOM,87.23000,88.63000,87.27000,11417800,-0.017672,88.63000
11850,2013-08-30,XOM,86.79000,87.55000,87.16000,12482000,-0.001260,87.39000
11850,2013-09-03,XOM,86.83500,88.00000,87.15000,10546800,-0.000115,87.70000
11850,2013-09-04,XOM,86.90000,87.98000,87.76000,9830700,0.006999,87.01000
11850,2013-09-05,XOM,87.33000,88.30000,87.35000,11740500,-0.004672,88.06000
11850,2013-09-06,XOM,86.80000,87.73000,87.25000,12951500,-0.001145,87.49000
11850,2013-09-09,XOM,87.31000,88.19500,88.04000,9298600,0.009054,87.34000
11850,2013-09-10,XOM,87.28000,88.40000,87.82000,11830500,-0.002499,88.40000
11850,2013-09-11,XOM,87.88000,88.85000,88.84000,11203600,0.011615,87.88000
11850,2013-09-12,XOM,87.86500,88.80000,87.98000,10918100,-0.009680,88.59000
11850,2013-09-13,XOM,88.15000,88.88000,88.40000,8254200,0.004774,88.15000
11850,2013-09-16,XOM,88.49000,89.18000,88.67000,9438900,0.003054,88.88000
11850,2013-09-17,XOM,88.65000,89.35000,88.94000,8944200,0.003045,88.71000
11850,2013-09-18,XOM,88.37000,89.87000,89.58000,15139400,0.007196,88.91000
11850,2013-09-19,XOM,88.98000,89.74000,89.28000,11766800,-0.003349,89.64000
11850,2013-09-20,XOM,88.59000,89.75000,88.66000,20659700,-0.006944,89.53000
11850,2013-09-23,XOM,87.64000,88.91000,87.75000,12229700,-0.010264,88.29000
11850,2013-09-24,XOM,87.28000,88.07000,87.36000,12129300,-0.004444,87.59000
11850,2013-09-25,XOM,86.93000,87.60000,87.14000,13577400,-0.002518,87.59000
11850,2013-09-26,XOM,86.81000,87.45000,87.07000,9787100,-0.000803,87.40000
11850,2013-09-27,XOM,86.61000,87.01000,86.90000,10870700,-0.001952,86.85000
11850,2013-09-30,XOM,85.61000,86.70000,86.04000,17493700,-0.009896,86.06000
11850,2013-10-01,XOM,85.78000,86.34000,86.00000,11888500,-0.000465,85.99000
11850,2013-10-02,XOM,85.28000,86.11000,86.08000,11843200,0.000930,85.75000
11850,2013-10-03,XOM,85.34000,86.05000,85.50000,13927500,-0.006738,86.04000
11850,2013-10-04,XOM,85.68000,86.42000,86.32000,11331500,0.009591,86.31000
11850,2013-10-07,XOM,85.27000,86.29000,85.90000,10985800,-0.004866,85.57000
11850,2013-10-08,XOM,85.47000,85.95000,85.51000,15344100,-0.004540,85.86000
11850,2013-10-09,XOM,84.83000,85.59000,85.16000,13575100,-0.004093,85.35000
11850,2013-10-10,XOM,84.79000,86.04000,86.04000,17542400,0.010333,85.52000
11850,2013-10-11,XOM,85.50000,86.95000,86.95000,12661800,0.010576,85.90000
11850,2013-10-14,XOM,86.51000,87.74000,87.60000,9742100,0.007476,86.51000
11850,2013-10-15,XOM,86.64000,87.57580,86.79000,12023000,-0.009247,87.47000
11850,2013-10-16,XOM,86.72000,87.86000,87.31000,11668100,0.005991,87.48000
11850,2013-10-17,XOM,87.01000,87.50000,87.48000,10438200,0.001947,87.13000
11850,2013-10-18,XOM,87.30000,87.74000,87.55000,12425300,0.000800,87.69000
11850,2013-10-21,XOM,86.84000,87.65000,87.23000,10730900,-0.003655,87.50000
11850,2013-10-22,XOM,87.13000,88.15000,87.98000,12714800,0.008598,87.29000
11850,2013-10-23,XOM,86.95000,87.65000,87.61000,11455600,-0.004206,87.52000
11850,2013-10-24,XOM,87.97000,88.73000,88.42000,12298100,0.009245,87.98000
11850,2013-10-25,XOM,87.82000,88.65000,87.97000,11382000,-0.005089,88.23000
11850,2013-10-28,XOM,87.61000,88.46000,88.23000,9921900,0.002956,87.83000
11850,2013-10-29,XOM,88.43500,89.02770,88.93000,10340000,0.007934,88.45000
11850,2013-10-30,XOM,88.69000,89.48000,88.81000,14307400,-0.001349,88.97000
11850,2013-10-31,XOM,89.20000,90.96000,89.62000,19185200,0.009121,89.45000
11850,2013-11-01,XOM,88.27000,90.04000,89.82000,19024800,0.002232,89.74000
11850,2013-11-04,XOM,90.00000,92.27000,92.10000,20601200,0.025384,90.00000
11850,2013-11-05,XOM,91.24000,93.25000,91.99000,21122500,-0.001194,91.34000
11850,2013-11-06,XOM,92.12000,93.28000,93.22000,13464600,0.013371,92.42000
11850,2013-11-07,XOM,91.76000,92.98000,91.96000,16578900,-0.006758,92.64000
11850,2013-11-08,XOM,91.47500,92.82000,92.73000,12331300,0.008373,91.80000
11850,2013-11-11,XOM,92.50000,93.23000,92.96000,7927500,0.002480,92.85000
11850,2013-11-12,XOM,92.50000,93.32000,92.67000,10727300,-0.003120,92.67000
11850,2013-11-13,XOM,92.07000,92.74000,92.59000,9285700,-0.000863,92.22000
11850,2013-11-14,XOM,92.68000,93.42000,93.22000,7909200,0.006804,92.68000
11850,2013-11-15,XOM,94.03000,95.29000,95.27000,18374500,0.021991,94.15000
11850,2013-11-18,XOM,95.06000,96.00000,95.45000,14245100,0.001889,95.98000
11850,2013-11-19,XOM,95.16000,95.79000,95.42000,12697300,-0.000314,95.40000
11850,2013-11-20,XOM,94.37000,95.94990,94.68000,10459400,-0.007755,95.75000
11850,2013-11-21,XOM,94.63000,95.39000,94.69000,9128800,0.000106,94.85000
11850,2013-11-22,XOM,94.29000,95.07000,95.01000,8541600,0.003379,94.96000
11850,2013-11-25,XOM,94.83000,95.75000,95.09000,10515800,0.000842,95.21000
11850,2013-11-26,XOM,94.15000,94.81000,94.27000,11859600,-0.008623,94.75000
11850,2013-11-27,XOM,93.48000,94.42000,93.80000,8828100,-0.004986,94.36000
11850,2013-11-29,XOM,93.30000,94.22000,93.48000,6770500,-0.003412,93.65000
11850,2013-12-02,XOM,92.92000,94.04000,93.52000,9311000,0.000428,93.27000
11850,2013-12-03,XOM,93.23000,94.48000,94.39000,12607800,0.009303,93.60000
11850,2013-12-04,XOM,93.92000,94.90000,94.67000,13074700,0.002966,94.19000
11850,2013-12-05,XOM,93.92000,94.65000,94.13000,10586800,-0.005704,94.07000
11850,2013-12-06,XOM,94.59000,95.71000,95.65000,12063400,0.016148,94.97000
11850,2013-12-09,XOM,95.60000,96.25000,95.84000,15519200,0.001986,95.95000
11850,2013-12-10,XOM,95.39000,95.97500,95.71000,9868300,-0.001356,95.90000
11850,2013-12-11,XOM,94.16000,95.54000,94.26000,12811800,-0.015150,95.38000
11850,2013-12-12,XOM,94.28000,95.88000,95.36000,15562600,0.011670,94.50000
11850,2013-12-13,XOM,94.66000,95.91500,95.31000,10630600,-0.000524,95.13000
11850,2013-12-16,XOM,96.13000,98.88000,97.22000,23226000,0.020040,96.28000
11850,2013-12-17,XOM,96.03000,97.13000,96.75000,14920900,-0.004834,97.02000
11850,2013-12-18,XOM,97.01000,99.95000,99.54000,21334500,0.028837,97.43000
11850,2013-12-19,XOM,99.00000,99.60000,99.43000,12905900,-0.001105,99.50000
11850,2013-12-20,XOM,98.60000,99.60000,98.68000,23333800,-0.007543,99.39000
11850,2013-12-23,XOM,98.39000,99.29000,98.51000,10131800,-0.001723,99.00000
11850,2013-12-24,XOM,98.33000,99.43500,99.22000,4168300,0.007207,98.33000
11850,2013-12-26,XOM,99.38000,101.03000,100.90000,9539500,0.016932,99.42000
11850,2013-12-27,XOM,100.99000,101.74000,101.51000,10214100,0.006046,101.24000
11850,2013-12-30,XOM,100.31000,101.55000,100.31000,9008900,-0.011822,101.53000
11850,2013-12-31,XOM,100.43000,101.39000,101.20000,8509900,0.008872,100.49000
11850,2014-01-02,XOM,99.38500,100.76000,99.75000,11030100,-0.014328,100.60000
11850,2014-01-03,XOM,99.14100,100.16990,99.51000,9295600,-0.002406,99.77000
11850,2014-01-06,XOM,98.88640,100.14000,99.66000,11850000,0.001507,99.94000
11850,2014-01-07,XOM,99.42000,101.21500,101.07000,11188700,0.014148,99.61000
11850,2014-01-08,XOM,100.15000,101.19000,100.74000,11180400,-0.003265,101.19000
11850,2014-01-09,XOM,99.03000,100.39000,99.76000,11679000,-0.009728,100.20000
11850,2014-01-10,XOM,99.12000,100.63000,100.52000,10537300,0.007618,99.99000
11850,2014-01-13,XOM,98.27000,100.10000,98.55000,12112200,-0.019598,99.91000
11850,2014-01-14,XOM,98.65000,99.27000,99.12000,9269800,0.005784,98.80000
11850,2014-01-15,XOM,98.63000,99.35000,98.78000,9427700,-0.003430,99.16000
11850,2014-01-16,XOM,98.25000,99.04000,98.94000,9421700,0.001620,98.79000
11850,2014-01-17,XOM,98.67000,100.34000,99.16000,15998100,0.002224,99.18000
11850,2014-01-21,XOM,98.04000,98.88560,98.50000,13848400,-0.006656,98.57000
11850,2014-01-22,XOM,97.84000,98.95000,97.88000,11648100,-0.006294,98.88000
11850,2014-01-23,XOM,96.01000,97.39000,96.97000,15397700,-0.009297,97.25000
11850,2014-01-24,XOM,94.82000,96.25000,94.85000,14670000,-0.021862,96.18000
11850,2014-01-27,XOM,94.75000,95.58000,94.92000,12477400,0.000738,95.07500
11850,2014-01-28,XOM,94.77000,95.92000,95.65000,10774300,0.007691,95.35000
11850,2014-01-29,XOM,94.65000,96.20000,95.11000,13194400,-0.005646,94.93000
11850,2014-01-30,XOM,93.06000,94.95000,93.99000,14632400,-0.011776,94.00000
11850,2014-01-31,XOM,91.70000,93.28000,92.16000,17372300,-0.019470,92.85000
11850,2014-02-03,XOM,89.64000,92.31000,90.05000,20381400,-0.022895,91.91500
11850,2014-02-04,XOM,89.39000,90.64000,90.02000,17703300,-0.000333,90.37000
11850,2014-02-05,XOM,89.38000,90.61000,89.58000,16395800,-0.004888,90.30500
11850,2014-02-06,XOM,89.25000,90.18000,89.80000,13650200,0.009489,89.51000
11850,2014-02-07,XOM,89.75000,90.63000,90.58000,12632500,0.008686,90.12000
11850,2014-02-10,XOM,89.36000,90.53000,89.52000,12241500,-0.011702,90.45000
11850,2014-02-11,XOM,89.40000,91.00000,90.84000,13426600,0.014745,89.56000
11850,2014-02-12,XOM,90.64000,91.86000,91.08000,10753100,0.002642,91.01000
11850,2014-02-13,XOM,90.40000,91.65000,91.43000,9776500,0.003843,90.59000
11850,2014-02-14,XOM,91.60000,94.43010,94.11000,18335500,0.029312,91.81000
11850,2014-02-18,XOM,93.36000,94.72000,94.07000,12981900,-0.000425,94.07000
11850,2014-02-19,XOM,93.80000,95.29000,93.95000,12228900,-0.001276,93.80000
11850,2014-02-20,XOM,93.75000,95.77000,95.37000,14425200,0.015114,93.85000
11850,2014-02-21,XOM,94.94000,95.58000,95.03000,11286100,-0.003565,95.48000
11850,2014-02-24,XOM,95.41000,97.25000,96.44000,16034200,0.014837,95.61000
11850,2014-02-25,XOM,95.96000,96.97000,96.31000,10664300,-0.001348,96.54000
11850,2014-02-26,XOM,95.53000,96.86000,95.79000,9088500,-0.005399,96.56000
11850,2014-02-27,XOM,95.16000,96.05000,95.84000,9101200,0.000522,95.58000
11850,2014-02-28,XOM,95.78000,96.83300,96.27000,12652600,0.004487,95.96000
11850,2014-03-03,XOM,94.82990,96.54000,95.50000,11897227,-0.007998,95.76000
11850,2014-03-04,XOM,95.87000,96.86000,96.52000,12566341,0.010681,96.59000
11850,2014-03-05,XOM,93.39500,95.29000,93.80000,19836928,-0.028181,95.20000
11850,2014-03-06,XOM,93.27000,93.94000,93.76000,12612051,-0.000426,93.67000
11850,2014-03-07,XOM,93.99000,95.06000,94.99000,12660051,0.013119,94.37000
11850,2014-03-10,XOM,94.66000,95.55000,95.50000,9967356,0.005369,95.15000
11850,2014-03-11,XOM,93.52000,95.59000,94.01000,12144602,-0.015602,95.36000
11850,2014-03-12,XOM,93.55000,94.47000,94.21000,9705872,0.002127,93.64000
11850,2014-03-13,XOM,93.33000,94.57000,93.64000,9872689,-0.006050,94.44000
11850,2014-03-14,XOM,93.29000,94.22000,93.47000,11731826,-0.001815,93.58000
11850,2014-03-17,XOM,93.75000,94.53000,94.32000,8676159,0.009094,93.95000
11850,2014-03-18,XOM,94.07000,95.25000,94.71000,8757308,0.004135,94.41000
11850,2014-03-19,XOM,93.13000,95.30000,93.73000,9914653,-0.010347,94.65000
11850,2014-03-20,XOM,93.01000,94.74000,94.58000,10405003,0.009069,93.44000
11850,2014-03-21,XOM,94.31000,95.99000,94.31000,24482606,-0.002855,95.10000
11850,2014-03-24,XOM,94.48000,95.10000,94.64000,9539768,0.003499,94.76000
11850,2014-03-25,XOM,94.80000,95.82000,94.91000,9799558,0.002853,95.10000
11850,2014-03-26,XOM,94.41000,95.58000,94.70000,11033634,-0.002213,95.56000
11850,2014-03-27,XOM,94.06000,96.50000,96.24000,15427492,0.016262,94.61000
11850,2014-03-28,XOM,96.47000,97.97000,97.70000,12321804,0.015170,96.47000
11850,2014-03-31,XOM,97.32000,98.85000,97.68000,12375215,-0.000205,98.49000
11850,2014-04-01,XOM,97.28000,97.93000,97.73000,9476393,0.000512,97.65000
11850,2014-04-02,XOM,97.18000,98.06000,97.95000,9550978,0.002251,97.53000
11850,2014-04-03,XOM,97.56000,98.54000,97.93000,10119284,-0.000204,97.83000
11850,2014-04-04,XOM,97.28000,98.71000,97.36000,12496720,-0.005820,98.30000
11850,2014-04-07,XOM,96.75100,97.53000,96.78000,10126378,-0.005957,97.25000
11850,2014-04-08,XOM,96.75000,97.88000,97.45000,10251416,0.006923,97.01000
11850,2014-04-09,XOM,96.62900,97.79000,97.33000,10464949,-0.001231,97.75000
11850,2014-04-10,XOM,96.23500,97.78000,96.78000,13449913,-0.005651,96.98000
11850,2014-04-11,XOM,96.28000,97.43990,96.72000,13353028,-0.000620,96.51000
11850,2014-04-14,XOM,96.74000,98.05500,97.86000,9610713,0.011787,97.49000
11850,2014-04-15,XOM,97.07000,98.70000,98.68000,12961766,0.008379,97.58000
11850,2014-04-16,XOM,98.97000,100.10000,99.94000,12508091,0.012769,99.05000
11850,2014-04-17,XOM,99.69000,100.97000,100.42000,15439810,0.004803,99.69000
11850,2014-04-21,XOM,99.89000,100.93000,100.93000,8003529,0.005079,100.03000
11850,2014-04-22,XOM,100.22000,100.86000,100.37000,8212620,-0.005548,100.53000
11850,2014-04-23,XOM,100.33000,100.95000,100.50000,8691639,0.001295,100.59000
11850,2014-04-24,XOM,99.86000,100.60000,100.01000,9057792,-0.004876,100.48000
11850,2014-04-25,XOM,99.93000,100.57000,100.41000,10396471,0.004000,99.99000
11850,2014-04-28,XOM,100.31000,101.46200,101.17000,12710821,0.007569,100.72000
11850,2014-04-29,XOM,101.23010,102.57000,101.45000,10094588,0.002768,101.57000
11850,2014-04-30,XOM,100.71000,102.41000,102.41000,13972286,0.009463,101.13000
11850,2014-05-01,XOM,101.20000,102.39000,101.41000,11161697,-0.009765,101.96000
11850,2014-05-02,XOM,100.98000,102.91000,102.01000,11169957,0.005917,101.28000
11850,2014-05-05,XOM,101.58000,103.13000,102.91000,7614576,0.008823,101.69000
11850,2014-05-06,XOM,102.41000,103.30000,102.67000,9669834,-0.002332,102.60000
11850,2014-05-07,XOM,102.79000,103.45000,103.11000,11007353,0.004286,103.12000
11850,2014-05-08,XOM,102.17010,103.29000,102.32000,8924353,-0.007662,103.09000
11850,2014-05-09,XOM,101.26000,102.18000,101.95000,8948779,0.003127,101.71000
11850,2014-05-12,XOM,101.52500,102.35000,102.23000,8830502,0.002747,102.33000
11850,2014-05-13,XOM,101.94000,102.71000,102.36000,7529135,0.001272,102.18000
11850,2014-05-14,XOM,102.11000,102.68000,102.29000,6999163,-0.000684,102.36000
11850,2014-05-15,XOM,100.33000,102.42000,100.78000,13658740,-0.014762,102.00000
11850,2014-05-16,XOM,100.32000,101.00000,100.74000,10369477,-0.000397,100.59000
11850,2014-05-19,XOM,100.42000,101.11000,100.87000,5851383,0.001290,100.42000
11850,2014-05-20,XOM,100.45000,101.08000,100.67000,6140744,-0.001983,100.69000
11850,2014-05-21,XOM,100.72000,102.22000,102.03000,7748049,0.013509,100.85000
11850,2014-05-22,XOM,101.47000,101.97000,101.50000,5304614,-0.005195,101.81000
11850,2014-05-23,XOM,101.26630,101.93000,101.32000,5411273,-0.001773,101.55000
11850,2014-05-27,XOM,100.93000,101.90000,101.36000,8359739,0.000395,101.61000
11850,2014-05-28,XOM,101.05000,102.07000,101.06000,7587010,-0.002960,101.23000
11850,2014-05-29,XOM,101.02000,101.65000,101.27000,6113654,0.002078,101.54000
11850,2014-05-30,XOM,100.37000,101.15000,100.53000,11488959,-0.007307,100.80000
11850,2014-06-02,XOM,99.67000,100.88000,99.94000,7762537,-0.005869,100.53000
11850,2014-06-03,XOM,99.59000,100.69000,100.39000,9384234,0.004503,99.59000
11850,2014-06-04,XOM,99.96000,100.45500,100.04000,7154661,-0.003486,100.21000
11850,2014-06-05,XOM,99.96000,100.83000,100.55000,12296438,0.005098,100.10000
11850,2014-06-06,XOM,100.60000,101.63000,101.60000,9342474,0.010443,100.61000
11850,2014-06-09,XOM,101.19000,101.96000,101.52000,6404983,-0.000787,101.45000
11850,2014-06-10,XOM,101.00000,101.73000,101.46000,7917532,-0.000591,101.48000
11850,2014-06-11,XOM,101.00000,102.33000,101.95000,10270318,0.004829,101.19000
11850,2014-06-12,XOM,101.57000,102.94500,101.66000,11421250,-0.002844,102.46000
11850,2014-06-13,XOM,101.63000,102.65510,102.65000,8241548,0.009738,101.93000
11850,2014-06-16,XOM,102.17000,103.25000,102.92000,8977642,0.002630,102.57000
11850,2014-06-17,XOM,101.45000,102.59000,102.42000,9355388,-0.004858,102.58000
11850,2014-06-18,XOM,102.06000,102.95000,102.73000,9575877,0.003027,102.57000
11850,2014-06-19,XOM,101.68000,102.84000,102.63000,11107691,-0.000973,102.61000
11850,2014-06-20,XOM,102.94000,104.06000,103.83000,17681113,0.011693,103.28000
11850,2014-06-23,XOM,103.88000,104.61000,104.38000,8553670,0.005297,104.11000
11850,2014-06-24,XOM,102.47000,104.47000,102.73000,9708408,-0.015808,104.18000
11850,2014-06-25,XOM,101.53000,102.62000,102.14000,10716273,-0.005743,102.34000
11850,2014-06-26,XOM,100.85000,102.38000,102.03000,8424551,-0.001077,101.94000
11850,2014-06-27,XOM,100.66000,101.79000,101.21000,15149918,-0.008037,101.67000
11850,2014-06-30,XOM,100.52000,101.27000,100.68000,9536536,-0.005237,101.21000
11850,2014-07-01,XOM,100.79000,101.59000,101.36000,8404213,0.006754,101.15000
11850,2014-07-02,XOM,101.04000,101.64000,101.57000,6954442,0.002072,101.15000
11850,2014-07-03,XOM,101.68000,103.27000,102.59000,6922616,0.010042,101.95000
11850,2014-07-07,XOM,102.02000,102.65000,102.65000,7980994,0.000585,102.33000
11850,2014-07-08,XOM,102.17000,103.23000,102.83000,9615023,0.001754,102.33000
11850,2014-07-09,XOM,102.81000,103.69000,103.55000,7659029,0.007002,102.96000
11850,2014-07-10,XOM,102.04000,103.07000,102.57000,8533731,-0.009464,102.88000
11850,2014-07-11,XOM,101.32000,102.50000,101.74000,7689643,-0.008092,102.40000
11850,2014-07-14,XOM,102.16000,103.08000,102.68000,8253348,0.009239,102.17000
11850,2014-07-15,XOM,101.74000,102.60000,102.39000,8760545,-0.002824,102.53000
11850,2014-07-16,XOM,102.54000,103.79000,103.77000,8879502,0.013478,102.56000
11850,2014-07-17,XOM,102.29000,103.88500,102.31000,8145741,-0.014070,103.38000
11850,2014-07-18,XOM,101.86000,102.96000,102.73000,8208309,0.004105,102.69000
11850,2014-07-21,XOM,102.06000,103.19000,103.08000,6632386,0.003407,102.36000
11850,2014-07-22,XOM,103.50000,104.19000,103.54000,7426442,0.004463,103.64000
11850,2014-07-23,XOM,103.53000,104.45000,104.25000,7017078,0.006857,103.64000
11850,2014-07-24,XOM,103.95000,104.72000,104.28000,7943024,0.000288,104.42000
11850,2014-07-25,XOM,102.96000,103.99000,103.18000,7784729,-0.010549,103.93000
11850,2014-07-28,XOM,102.83000,104.52000,104.37000,9197901,0.011533,103.29000
11850,2014-07-29,XOM,103.52000,104.76000,103.55000,8055421,-0.007857,104.21000
11850,2014-07-30,XOM,102.57000,104.15000,103.25000,11072188,-0.002897,103.73000
11850,2014-07-31,XOM,98.93000,101.98000,98.94000,18297904,-0.041743,101.98000
11850,2014-08-01,XOM,98.18000,99.55000,98.80000,14915613,-0.001415,98.62000
11850,2014-08-04,XOM,98.31000,100.43000,100.13000,12152078,0.013461,98.74000
11850,2014-08-05,XOM,97.78000,99.54000,98.20000,13071813,-0.019275,99.48000
11850,2014-08-06,XOM,98.20000,99.65000,98.98000,9916916,0.007943,98.20000
11850,2014-08-07,XOM,97.63000,99.84000,98.27000,10017398,-0.007173,99.77000
11850,2014-08-08,XOM,98.32000,99.79000,99.74000,11206941,0.014959,98.81000
11850,2014-08-11,XOM,98.53500,99.42000,98.73000,8595196,-0.003208,99.28000
11850,2014-08-12,XOM,97.82000,98.69000,98.49000,9585001,-0.002431,98.21000
11850,2014-08-13,XOM,98.48000,99.31000,99.09000,7649559,0.006092,98.82000
11850,2014-08-14,XOM,98.60000,99.28000,99.09000,6547528,0.000000,99.10000
11850,2014-08-15,XOM,98.14000,99.43000,99.03000,9234925,-0.000605,99.24000
11850,2014-08-18,XOM,99.09500,99.53000,99.52000,7143392,0.004948,99.28000
11850,2014-08-19,XOM,99.43000,99.95000,99.49000,8888327,-0.000301,99.50000
11850,2014-08-20,XOM,99.04000,99.90000,99.70000,6753128,0.002111,99.55000
11850,2014-08-21,XOM,99.26000,100.07000,99.28000,6826246,-0.004213,99.80000
11850,2014-08-22,XOM,98.08000,98.98000,98.50000,8096103,-0.007857,98.89000
11850,2014-08-25,XOM,98.50000,98.90000,98.75000,7570029,0.002538,98.81000
11850,2014-08-26,XOM,99.02000,100.31000,99.64000,8536472,0.009013,99.12000
11850,2014-08-27,XOM,99.09000,99.96000,99.53000,5849223,-0.001104,99.78000
11850,2014-08-28,XOM,99.01000,99.74000,99.57000,6072738,0.000402,99.04000
11850,2014-08-29,XOM,98.72000,99.67000,99.46000,8873707,-0.001105,99.38000
11850,2014-09-02,XOM,97.81000,99.59000,98.49000,8966533,-0.009753,99.43000
11850,2014-09-03,XOM,98.86000,99.59000,99.11000,8481019,0.006295,98.86000
11850,2014-09-04,XOM,97.97000,99.45000,98.36000,9662876,-0.007567,99.00000
11850,2014-09-05,XOM,98.11000,99.30000,99.26000,9486572,0.009150,98.74000
11850,2014-09-08,XOM,97.45000,98.92000,97.77000,10080099,-0.015011,98.92000
11850,2014-09-09,XOM,96.96000,98.03000,97.39000,9762259,-0.003887,97.69000
11850,2014-09-10,XOM,95.83000,97.53000,96.81000,12113689,-0.005955,97.36000
11850,2014-09-11,XOM,95.82000,97.12000,97.03000,10181311,0.002273,96.32000
11850,2014-09-12,XOM,95.63000,96.59000,95.78000,10270116,-0.012883,96.53000
11850,2014-09-15,XOM,95.40000,96.40000,96.29000,10694860,0.005325,95.73000
11850,2014-09-16,XOM,96.02000,98.05000,97.43000,11582529,0.011839,96.23000
11850,2014-09-17,XOM,96.80000,97.93000,97.08000,8777778,-0.003592,97.91000
11850,2014-09-18,XOM,96.48000,97.32000,96.61000,8636631,-0.004841,97.15000
11850,2014-09-19,XOM,96.86500,97.56000,97.12000,18178477,0.005279,97.08000
11850,2014-09-22,XOM,96.27000,97.00000,96.54000,8824870,-0.005972,96.90000
11850,2014-09-23,XOM,96.03000,97.16000,96.03000,10300659,-0.005283,96.28000
11850,2014-09-24,XOM,94.84000,96.25000,95.82000,12200003,-0.002187,95.87000
11850,2014-09-25,XOM,94.20020,95.89000,94.25000,12854240,-0.016385,95.66000
11850,2014-09-26,XOM,93.80000,95.76000,95.43000,11256807,0.012520,94.33000
11850,2014-09-29,XOM,93.80000,94.78000,94.43000,14023092,-0.010479,94.71000
11850,2014-09-30,XOM,93.62000,94.81000,94.05000,15579333,-0.004024,94.11000
11850,2014-10-01,XOM,92.71500,94.54000,92.86000,14028600,-0.012653,94.11000
11850,2014-10-02,XOM,92.06000,93.90000,93.30000,13756563,0.004738,92.39000
11850,2014-10-03,XOM,92.58000,94.11000,93.92000,11572112,0.006645,93.60000
11850,2014-10-06,XOM,93.91000,95.33000,94.52000,10599719,0.006388,94.01000
11850,2014-10-07,XOM,93.33000,95.19000,93.37000,10787852,-0.012167,94.27000
11850,2014-10-08,XOM,92.42000,94.83000,94.61000,15592479,0.013280,93.42000
11850,2014-10-09,XOM,91.63000,94.49000,91.82000,17917680,-0.029489,94.05000
11850,2014-10-10,XOM,90.90000,93.27000,91.60000,18173104,-0.002396,92.44000
11850,2014-10-13,XOM,90.76000,92.53000,90.84000,14451647,-0.008297,91.32000
11850,2014-10-14,XOM,90.06010,92.23000,90.55000,23121774,-0.003192,91.49000
11850,2014-10-15,XOM,86.91000,90.61000,90.22000,24704546,-0.003644,89.00000
11850,2014-10-16,XOM,88.18000,91.27000,90.60000,25215899,0.004212,88.58000
11850,2014-10-17,XOM,90.50000,92.25000,91.21000,18194303,0.006733,91.13000
11850,2014-10-20,XOM,90.63000,91.89000,91.77000,10826502,0.006140,90.63000
11850,2014-10-21,XOM,92.36000,94.03000,93.65000,15757046,0.020486,92.86000
11850,2014-10-22,XOM,92.98000,94.58500,93.13000,12742932,-0.005553,93.96000
11850,2014-10-23,XOM,93.87000,94.98000,94.11000,11352718,0.010523,94.31000
11850,2014-10-24,XOM,93.22000,94.53000,94.49000,9740056,0.004038,94.19000
11850,2014-10-27,XOM,92.77000,93.85000,93.71000,11394514,-0.008255,93.85000
11850,2014-10-28,XOM,93.93000,95.19500,95.10000,12570452,0.014833,94.44000
11850,2014-10-29,XOM,93.62000,95.98000,94.59000,12410105,-0.005363,95.42000
11850,2014-10-30,XOM,93.22000,94.67000,94.45000,9767918,-0.001480,93.87000
11850,2014-10-31,XOM,94.31000,96.89000,96.71000,17493736,0.023928,94.99000
11850,2014-11-03,XOM,94.80000,97.10000,95.26000,13410561,-0.014993,96.56000
11850,2014-11-04,XOM,93.89000,94.89000,94.52000,13498531,-0.007768,94.50000
11850,2014-11-05,XOM,94.65000,95.77000,95.07000,12480033,0.005819,95.36000
11850,2014-11-06,XOM,94.28000,96.42000,96.26000,14731392,0.012517,95.18000
11850,2014-11-07,XOM,95.72000,97.16000,96.59000,13233484,0.010596,95.80000
11850,2014-11-10,XOM,96.07000,97.10000,96.28000,9087594,-0.003209,96.87000
11850,2014-11-11,XOM,95.61000,96.51000,96.41000,7990045,0.001350,95.78000
11850,2014-11-12,XOM,95.11000,96.40000,95.38000,11592788,-0.010684,95.90000
11850,2014-11-13,XOM,93.83000,95.21000,94.66000,12355397,-0.007549,94.96000
11850,2014-11-14,XOM,94.65000,95.11000,95.09000,9352535,0.004542,94.87000
11850,2014-11-17,XOM,94.19000,95.14000,95.11000,8704386,0.000210,94.85000
11850,2014-11-18,XOM,94.53000,95.75000,94.87000,9272445,-0.002523,95.08000
11850,2014-11-19,XOM,94.13000,95.74000,95.61000,8333169,0.007800,95.08000
11850,2014-11-20,XOM,95.26000,95.90000,95.82000,8422369,0.002196,95.37000
11850,2014-11-21,XOM,96.10000,97.20000,96.81000,12374854,0.010332,97.20000
11850,2014-11-24,XOM,95.25000,96.80000,95.72000,10172405,-0.011259,96.34000
11850,2014-11-25,XOM,94.37000,96.03000,94.78000,13747362,-0.009820,96.01000
11850,2014-11-26,XOM,94.36000,95.13000,94.48000,9822941,-0.003165,94.64000
11850,2014-11-28,XOM,90.11000,91.85000,90.54000,19556690,-0.041702,91.50000
11850,2014-12-01,XOM,90.28000,92.87000,92.35000,27584224,0.019991,90.36000
11850,2014-12-02,XOM,92.01000,94.67000,94.19000,20885295,0.019924,92.32000
11850,2014-12-03,XOM,94.00000,95.33000,94.95000,16220449,0.008069,94.67000
11850,2014-12-04,XOM,93.07000,94.61000,94.37000,13115285,-0.006108,94.13000
11850,2014-12-05,XOM,93.35420,94.59000,93.82000,11831896,-0.005828,93.95000
11850,2014-12-08,XOM,91.36500,93.13000,91.70000,15735859,-0.022596,92.90000
11850,2014-12-09,XOM,90.76000,92.06000,91.38000,15883826,-0.003490,91.23000
11850,2014-12-10,XOM,88.20000,90.73000,88.67000,22279389,-0.029656,90.72000
11850,2014-12-11,XOM,88.85000,91.54000,89.20000,21522152,0.005977,88.86000
11850,2014-12-12,XOM,86.60000,89.00000,86.60000,24568339,-0.029148,88.71000
11850,2014-12-15,XOM,86.50000,88.60000,86.90000,21373561,0.003464,87.53000
11850,2014-12-16,XOM,86.19000,89.20000,86.41000,26372409,-0.005639,86.38000
11850,2014-12-17,XOM,87.15000,89.90000,89.02000,23323043,0.030205,87.24000
11850,2014-12-18,XOM,88.40000,91.16000,91.16000,22882705,0.024040,90.37000
11850,2014-12-19,XOM,89.61000,93.64000,93.64000,38468954,0.027205,90.21000
11850,2014-12-22,XOM,92.45000,93.67000,93.33000,17871762,-0.003311,92.96000
11850,2014-12-23,XOM,93.04720,95.18000,94.59000,13706536,0.013500,93.52000
11850,2014-12-24,XOM,92.98000,94.25000,93.78000,6875691,-0.008563,94.22000
11850,2014-12-26,XOM,92.62000,94.43000,93.21000,10584997,-0.006078,93.99000
11850,2014-12-29,XOM,92.89000,93.86000,93.07000,9892119,-0.001502,93.33000
11850,2014-12-30,XOM,92.51000,93.39000,93.02000,8743369,-0.000537,92.77000
11850,2014-12-31,XOM,92.06000,93.13000,92.45000,11337219,-0.006128,92.42000
