gvkey,datadate,fyearq,fqtr,indfmt,consol,popsrc,datafmt,tic,curcdq,datacqtr,datafqtr,actq,atq,chq,epsfxq,lctq,ltq,niq,revtq,capxy,costat
004503,1962-03-31,1962,1,INDL,C,D,STD,XOM,USD,1962Q1,1962Q1,,,,,,,231.0000,2580.0000,,A
004503,1962-06-30,1962,2,INDL,C,D,STD,XOM,USD,1962Q2,1962Q2,,,,,,,194.0000,2578.0000,,A
004503,1962-09-30,1962,3,INDL,C,D,STD,XOM,USD,1962Q3,1962Q3,,,,,,,216.0000,2703.0000,,A
004503,1962-12-31,1962,4,INDL,C,D,STD,XOM,USD,1962Q4,1962Q4,,,,,,,200.0000,2715.0000,,A
004503,1963-03-31,1963,1,INDL,C,D,STD,XOM,USD,1963Q1,1963Q1,,,,,,,259.0000,2746.0000,,A
004503,1963-06-30,1963,2,INDL,C,D,STD,XOM,USD,1963Q2,1963Q2,,,,,,,254.0000,2802.0000,,A
004503,1963-09-30,1963,3,INDL,C,D,STD,XOM,USD,1963Q3,1963Q3,,,,,,,260.0000,2993.0000,,A
004503,1963-12-31,1963,4,INDL,C,D,STD,XOM,USD,1963Q4,1963Q4,,,,,,,246.0000,2850.0000,,A
004503,1964-03-31,1964,1,INDL,C,D,STD,XOM,USD,1964Q1,1964Q1,,,,,,,281.0000,2904.0000,,A
004503,1964-06-30,1964,2,INDL,C,D,STD,XOM,USD,1964Q2,1964Q2,,,,,,,256.0000,2856.0000,,A
004503,1964-09-30,1964,3,INDL,C,D,STD,XOM,USD,1964Q3,1964Q3,,,,,,,262.0000,3116.0000,,A
004503,1964-12-31,1964,4,INDL,C,D,STD,XOM,USD,1964Q4,1964Q4,,,,,,,252.0000,3139.0000,,A
004503,1965-03-31,1965,1,INDL,C,D,STD,XOM,USD,1965Q1,1965Q1,,,,,,,263.0000,3044.0000,,A
004503,1965-06-30,1965,2,INDL,C,D,STD,XOM,USD,1965Q2,1965Q2,,,,,,,242.0000,3090.0000,,A
004503,1965-09-30,1965,3,INDL,C,D,STD,XOM,USD,1965Q3,1965Q3,,,,,,,264.0000,3237.0000,,A
004503,1965-12-31,1965,4,INDL,C,D,STD,XOM,USD,1965Q4,1965Q4,,,,,,,252.3610,3373.0000,,A
004503,1966-03-31,1966,1,INDL,C,D,STD,XOM,USD,1966Q1,1966Q1,,,,,,,294.0000,3317.0000,,A
004503,1966-06-30,1966,2,INDL,C,D,STD,XOM,USD,1966Q2,1966Q2,,,,,,,267.0000,3347.0000,,A
004503,1966-09-30,1966,3,INDL,C,D,STD,XOM,USD,1966Q3,1966Q3,,,,,,,272.0000,3384.0000,,A
004503,1966-12-31,1966,4,INDL,C,D,STD,XOM,USD,1966Q4,1966Q4,,,,,,,257.9440,3533.6000,,A
004503,1967-03-31,1967,1,INDL,C,D,STD,XOM,USD,1967Q1,1967Q1,,,,1.3200,,,284.0000,3514.0000,,A
004503,1967-06-30,1967,2,INDL,C,D,STD,XOM,USD,1967Q2,1967Q2,,,,1.2100,,,260.0000,3656.0000,,A
004503,1967-09-30,1967,3,INDL,C,D,STD,XOM,USD,1967Q3,1967Q3,,,,1.4100,,,304.0000,3493.0000,,A
004503,1967-12-31,1967,4,INDL,C,D,STD,XOM,USD,1967Q4,1967Q4,,,,,,,347.0280,3746.4000,,A
004503,1968-03-31,1968,1,INDL,C,D,STD,XOM,USD,1968Q1,1968Q1,,,,1.4900,,,320.0000,3863.0000,,A
004503,1968-06-30,1968,2,INDL,C,D,STD,XOM,USD,1968Q2,1968Q2,,,,1.4000,,,301.0000,3744.0000,,A
004503,1968-09-30,1968,3,INDL,C,D,STD,XOM,USD,1968Q3,1968Q3,,,,1.4700,,,316.0000,4009.0000,,A
004503,1968-12-31,1968,4,INDL,C,D,STD,XOM,USD,1968Q4,1968Q4,,,,1.5700,,,339.6810,3857.9000,,A
004503,1969-03-31,1969,1,INDL,C,D,STD,XOM,USD,1969Q1,1969Q1,,,,1.5100,,,325.0000,4043.0000,,A
004503,1969-06-30,1969,2,INDL,C,D,STD,XOM,USD,1969Q2,1969Q2,,,,1.4000,,,301.0000,4051.0000,,A
004503,1969-09-30,1969,3,INDL,C,D,STD,XOM,USD,1969Q3,1969Q3,,,,1.3800,,,296.0000,4099.0000,,A
004503,1969-12-31,1969,4,INDL,C,D,STD,XOM,USD,1969Q4,1969Q4,,,,1.4900,,,125.6000,4240.0980,,A
004503,1970-03-31,1970,1,INDL,C,D,STD,XOM,USD,1970Q1,1970Q1,,,,1.4700,,,319.0000,4393.0000,,A
004503,1970-06-30,1970,2,INDL,C,D,STD,XOM,USD,1970Q2,1970Q2,,,,1.1700,,,262.0000,4344.0000,,A
004503,1970-09-30,1970,3,INDL,C,D,STD,XOM,USD,1970Q3,1970Q3,,,,1.4000,,,313.0000,4545.0000,,A
004503,1970-12-31,1970,4,INDL,C,D,STD,XOM,USD,1970Q4,1970Q4,,,,1.8700,,,415.5000,4861.2970,,A
004503,1971-03-31,1971,1,INDL,C,D,STD,XOM,USD,1971Q1,1971Q1,,,,1.6700,,,374.0000,4689.0000,,A
004503,1971-06-30,1971,2,INDL,C,D,STD,XOM,USD,1971Q2,1971Q2,,,,1.5700,,,352.0000,4524.0000,,A
004503,1971-09-30,1971,3,INDL,C,D,STD,XOM,USD,1971Q3,1971Q3,,,,1.5900,,,357.0000,4516.0000,,A
004503,1971-12-31,1971,4,INDL,C,D,STD,XOM,USD,1971Q4,1971Q4,6790.5040,20315.1990,,1.9400,4329.7380,8228.0820,378.5620,4971.6290,,A
004503,1972-03-31,1972,1,INDL,C,D,STD,XOM,USD,1972Q1,1972Q1,,,,1.5800,,,355.0000,5030.0000,,A
004503,1972-06-30,1972,2,INDL,C,D,STD,XOM,USD,1972Q2,1972Q2,,,,1.4800,,,331.0000,4878.0000,,A
004503,1972-09-30,1972,3,INDL,C,D,STD,XOM,USD,1972Q3,1972Q3,,,,1.5800,,,353.0000,4930.0000,,A
004503,1972-12-31,1972,4,INDL,C,D,STD,XOM,USD,1972Q4,1972Q4,7098.5780,21558.2970,,2.1900,4707.1050,8752.3820,492.7700,5471.7500,,A
004503,1973-03-31,1973,1,INDL,C,D,STD,XOM,USD,1973Q1,1973Q1,,,,2.2700,,,508.0000,5674.0000,,A
004503,1973-06-30,1973,2,INDL,C,D,STD,XOM,USD,1973Q2,1973Q2,,,,2.2700,,,510.0000,5830.0000,,A
004503,1973-09-30,1973,3,INDL,C,D,STD,XOM,USD,1973Q3,1973Q3,,,,2.8500,,,638.0000,6638.0000,,A
004503,1973-12-31,1973,4,INDL,C,D,STD,XOM,USD,1973Q4,1973Q4,9793.5120,25079.5000,,3.5100,6307.8870,10770.6590,787.2860,7582.3160,,A
004503,1974-03-31,1974,1,INDL,C,D,STD,XOM,USD,1974Q1,1974Q1,,,,2.9700,,,666.0000,9108.0000,,A
004503,1974-06-30,1974,2,INDL,C,D,STD,XOM,USD,1974Q2,1974Q2,,,,3.6400,,,814.0000,10448.0000,,A
004503,1974-09-30,1974,3,INDL,C,D,STD,XOM,USD,1974Q3,1974Q3,,,,3.5800,,,800.0000,10953.0000,,A
004503,1974-12-31,1974,4,INDL,C,D,STD,XOM,USD,1974Q4,1974Q4,14852.7970,31332.3980,,3.8500,9531.9730,14923.7360,862.1920,11552.7970,,A
004503,1975-03-31,1975,1,INDL,C,D,STD,XOM,USD,1975Q1,1975Q1,14153.0040,30880.0080,,2.6700,8659.0000,14932.0040,596.0000,10921.0000,,A
004503,1975-06-30,1975,2,INDL,C,D,STD,XOM,USD,1975Q2,1975Q2,13961.0040,31338.0080,,2.7300,8767.0000,15056.0040,611.0000,10729.0000,,A
004503,1975-09-30,1975,3,INDL,C,D,STD,XOM,USD,1975Q3,1975Q3,14163.0040,32340.0080,,2.9500,9378.0000,15676.0040,660.0000,11298.0000,,A
004503,1975-12-31,1975,4,INDL,C,D,STD,XOM,USD,1975Q4,1975Q4,14004.8010,32839.4060,,2.8400,9345.0160,15104.7420,636.0000,11917.0000,,A
004503,1976-03-31,1976,1,INDL,C,D,STD,XOM,USD,1976Q1,1976Q1,14521.0040,33664.0080,,3.2600,9013.0000,16184.0040,730.0000,12118.0000,,A
004503,1976-06-30,1976,2,INDL,C,D,STD,XOM,USD,1976Q2,1976Q2,14084.0040,33879.0080,,2.6600,8840.0000,16110.0040,595.0000,11521.0000,,A
004503,1976-09-30,1976,3,INDL,C,D,STD,XOM,USD,1976Q3,1976Q3,14522.0040,35298.0080,,1.4200,9889.0000,17202.0040,635.0000,11935.0000,,A
004503,1976-12-31,1976,4,INDL,C,D,STD,XOM,USD,1976Q4,1976Q4,15051.9020,36331.3090,,1.5200,10521.4020,17086.3810,681.0000,13057.0040,,A
004503,1977-03-31,1977,1,INDL,C,D,STD,XOM,USD,1977Q1,1977Q1,15199.0000,36903.0000,,1.4400,10774.0000,18123.9960,645.0000,13329.0040,,A
004503,1977-06-30,1977,2,INDL,C,D,STD,XOM,USD,1977Q2,1977Q2,14526.0000,37072.0000,,1.2800,10160.0000,18060.9960,575.0000,13169.0040,,A
004503,1977-09-30,1977,3,INDL,C,D,STD,XOM,USD,1977Q3,1977Q3,14364.0000,37512.0000,,1.4500,10215.0000,18214.9960,650.0000,13423.0040,,A
004503,1977-12-31,1977,4,INDL,C,D,STD,XOM,USD,1977Q4,1977Q4,15331.8010,38436.9100,,1.2800,10713.3010,18494.8330,573.0000,14205.0040,,A
004503,1978-03-31,1978,1,INDL,C,D,STD,XOM,USD,1978Q1,1978Q1,14844.0000,38056.0000,,1.5500,10087.0000,18620.0000,695.0000,14159.0040,,A
004503,1978-06-30,1978,2,INDL,C,D,STD,XOM,USD,1978Q2,1978Q2,14784.0040,38692.0120,,1.5500,10304.0000,18960.0120,690.0000,14413.0040,,A
004503,1978-09-30,1978,3,INDL,C,D,STD,XOM,USD,1978Q3,1978Q3,15120.0000,39508.0000,,1.1800,10780.0000,19675.9960,525.0000,14802.0040,,A
004503,1978-12-31,1978,4,INDL,C,D,STD,XOM,USD,1978Q4,1978Q4,16368.8050,41530.8130,,1.9200,12040.7030,20421.8080,853.0000,16961.0040,,A
004503,1979-03-31,1979,1,INDL,C,D,STD,XOM,USD,1979Q1,1979Q1,16544.0040,41819.0120,,2.1600,11644.0000,21116.0080,955.0000,17414.0040,,A
004503,1979-06-30,1979,2,INDL,C,D,STD,XOM,USD,1979Q2,1979Q2,16801.0040,42715.0120,,1.8800,11861.0000,21666.0080,830.0000,17364.0040,,A
004503,1979-09-30,1979,3,INDL,C,D,STD,XOM,USD,1979Q3,1979Q3,18055.0040,45487.0120,,2.6000,13035.0040,23731.0080,1145.0000,20269.0040,,A
004503,1979-12-31,1979,4,INDL,C,D,STD,XOM,USD,1979Q4,1979Q4,20478.3050,49490.0120,,3.1000,15883.4020,26045.3160,1365.0000,24059.0040,,A
004503,1980-03-31,1980,1,INDL,C,D,STD,XOM,USD,1980Q1,1980Q1,21664.0040,51208.0160,,4.4000,15456.0040,27355.0120,1925.0000,25809.0080,,A
004503,1980-06-30,1980,2,INDL,C,D,STD,XOM,USD,1980Q2,1980Q2,23055.0040,53055.0160,,2.3600,15867.0040,28889.0120,1030.0000,24559.0040,,A
004503,1980-09-30,1980,3,INDL,C,D,STD,XOM,USD,1980Q3,1980Q3,22918.0040,54734.0160,,3.1300,16343.0040,29993.0120,1355.0000,25069.0040,,A
004503,1980-12-31,1980,4,INDL,C,D,STD,XOM,USD,1980Q4,1980Q4,23458.5040,56576.6170,,3.1000,16884.2030,29850.3010,1340.0000,27706.0080,,A
004503,1981-03-31,1981,1,INDL,C,D,STD,XOM,USD,1981Q1,1981Q1,24544.0040,58783.0160,,3.7000,17470.0040,32415.0080,1600.0000,28457.0080,,A
004503,1981-06-30,1981,2,INDL,C,D,STD,XOM,USD,1981Q2,1981Q2,23897.0040,59439.0160,,2.1100,16746.0040,31893.0080,1825.0000,25639.0080,,A
004503,1981-09-30,1981,3,INDL,C,D,STD,XOM,USD,1981Q3,1981Q3,24873.0040,62023.0160,,1.2500,18058.0040,34032.0080,1075.0000,26063.0080,,A
004503,1981-12-31,1981,4,INDL,C,D,STD,XOM,USD,1981Q4,1981Q4,23848.4060,62931.1170,,1.2300,17743.6020,33041.5510,1067.0000,27949.0080,,A
004503,1982-03-31,1982,1,INDL,C,D,STD,XOM,USD,1982Q1,1982Q1,23651.0040,63956.0160,,0.9600,18567.0040,34830.0080,839.0000,25337.0040,,A
004503,1982-06-30,1982,2,INDL,C,D,STD,XOM,USD,1982Q2,1982Q2,21268.0040,62976.0160,,0.9800,17403.0040,33609.0080,849.0000,23469.0040,,A
004503,1982-09-30,1982,3,INDL,C,D,STD,XOM,USD,1982Q3,1982Q3,21037.0040,63943.0160,,1.1700,17425.0040,34237.0080,1017.0000,23727.0040,,A
004503,1982-12-31,1982,4,INDL,C,D,STD,XOM,USD,1982Q4,1982Q4,19792.7030,62288.6170,,1.7100,16464.7030,32662.4820,1481.0000,24640.0040,,A
004503,1983-03-31,1983,1,INDL,C,D,STD,XOM,USD,1983Q1,1983Q1,20194.0040,62615.0160,,1.2200,16383.0040,34047.0080,1060.0000,22296.0040,,A
004503,1983-06-30,1983,2,INDL,C,D,STD,XOM,USD,1983Q2,1983Q2,19036.0040,62311.0160,,1.2500,15166.0040,33370.0080,1075.0000,21307.0040,,A
004503,1983-09-30,1983,3,INDL,C,D,STD,XOM,USD,1983Q3,1983Q3,19086.0040,62914.0160,,1.4200,15168.0040,33800.0080,1225.0000,21796.0040,,A
004503,1983-12-31,1983,4,INDL,C,D,STD,XOM,USD,1983Q4,1983Q4,18595.5040,62963.0160,,1.9000,15038.7030,32307.2680,1618.0000,23162.0040,,A
004503,1984-03-31,1984,1,INDL,C,D,STD,XOM,USD,1984Q1,1984Q1,19580.0000,64230.0040,,1.7500,15381.0000,34295.0040,1475.0000,23361.0040,1103.0000,A
004503,1984-06-30,1984,2,INDL,C,D,STD,XOM,USD,1984Q2,1984Q2,18421.0000,63382.0040,,1.6300,15370.0000,34036.0040,1350.0000,22488.0040,3019.0000,A
004503,1984-09-30,1984,3,INDL,C,D,STD,XOM,USD,1984Q3,1984Q3,18460.0000,63737.0040,,1.5800,16033.0000,34808.0040,1275.0000,21854.0040,5276.0000,A
004503,1984-12-31,1984,4,INDL,C,D,STD,XOM,USD,1984Q4,1984Q4,17239.0000,63278.0040,,1.8100,15265.0000,33165.0040,1428.0000,23151.0040,7842.0000,A
004503,1985-03-31,1985,1,INDL,C,D,STD,XOM,USD,1985Q1,1985Q1,17295.0040,63998.0160,,1.7100,15433.0040,35361.0080,1325.0000,21717.0040,1534.0000,A
004503,1985-06-30,1985,2,INDL,C,D,STD,XOM,USD,1985Q2,1985Q2,17022.0040,64691.0200,,0.9900,15829.0040,36600.0120,745.0000,21299.0040,3520.0000,A
004503,1985-09-30,1985,3,INDL,C,D,STD,XOM,USD,1985Q3,1985Q3,17136.0040,67002.0000,,1.3300,18080.0040,38679.9920,995.0000,20774.0040,5786.0000,A
004503,1985-12-31,1985,4,INDL,C,D,STD,XOM,USD,1985Q4,1985Q4,17355.0040,69160.0000,,2.4300,19089.0040,38681.9920,1805.0000,22883.0040,8844.0000,A
004503,1986-03-31,1986,1,INDL,C,D,STD,XOM,USD,1986Q1,1986Q1,15048.0040,68219.0000,,2.3500,17043.0040,38091.9920,1710.0000,20468.0040,1674.0000,A
004503,1986-06-30,1986,2,INDL,C,D,STD,XOM,USD,1986Q2,1986Q2,14215.0040,67994.0000,,1.5500,15508.0040,37160.9920,1115.0000,16529.0040,3013.0000,A
004503,1986-09-30,1986,3,INDL,C,D,STD,XOM,USD,1986Q3,1986Q3,14868.0040,69165.0000,,1.4600,14808.0040,37855.9920,1055.0000,15673.0040,4187.0000,A
004503,1986-12-31,1986,4,INDL,C,D,STD,XOM,USD,1986Q4,1986Q4,16320.0040,69484.0000,,2.0600,15220.0040,35928.9920,1480.0000,17218.0040,5402.0000,A
004503,1987-03-31,1987,1,INDL,C,D,STD,XOM,USD,1987Q1,1987Q1,17499.0040,71716.0000,,1.5000,15572.0040,39014.9920,1070.0000,17781.0040,730.0000,A
004503,1987-06-30,1987,2,INDL,C,D,STD,XOM,USD,1987Q2,1987Q2,17189.0040,71177.0000,,1.6100,15407.0040,38597.9920,1150.0000,18588.0040,1687.0000,A
004503,1987-09-30,1987,3,INDL,C,D,STD,XOM,USD,1987Q3,1987Q3,15438.0040,70011.0000,,0.7500,14238.0040,37782.9920,1065.0000,19600.0040,3232.0000,A
004503,1987-12-31,1987,4,INDL,C,D,STD,XOM,USD,1987Q4,1987Q4,15391.0040,74042.0000,,1.1200,15296.0040,38641.9920,1555.0000,20447.0040,5787.0000,A
004503,1988-03-31,1988,1,INDL,C,D,STD,XOM,USD,1988Q1,1988Q1,14763.0040,72943.0000,,1.0600,14388.0040,39603.0000,1455.0000,20045.0040,912.0000,A
004503,1988-06-30,1988,2,INDL,C,D,STD,XOM,USD,1988Q2,1988Q2,14091.0040,71258.0000,,0.9000,14340.0040,39128.0000,1200.0000,19614.0040,2347.0000,A
004503,1988-09-30,1988,3,INDL,C,D,STD,XOM,USD,1988Q3,1988Q3,14213.0040,71721.0000,,0.9300,15645.0040,40502.0000,1225.0000,19465.0040,4001.0000,A
004503,1988-12-31,1988,4,INDL,C,D,STD,XOM,USD,1988Q4,1988Q4,14846.0040,74293.0000,,1.0600,17479.0040,40248.0000,1380.0000,20433.0040,5918.0000,A
004503,1989-03-31,1989,1,INDL,C,D,STD,XOM,USD,1989Q1,1989Q1,15458.0040,77709.0000,,0.9900,19313.0000,46644.0000,1810.0000,20115.0000,5167.0000,A
004503,1989-06-30,1989,2,INDL,C,D,STD,XOM,USD,1989Q2,1989Q2,15250.0040,76740.0000,,0.1100,20120.0000,47416.0000,140.0000,21597.0000,6940.0000,A
004503,1989-09-30,1989,3,INDL,C,D,STD,XOM,USD,1989Q3,1989Q3,16030.0040,78966.0000,,0.8500,20329.0000,49239.0000,1075.0000,21248.0000,8598.0000,A
004503,1989-12-31,1989,4,INDL,C,D,STD,XOM,USD,1989Q4,1989Q4,16576.0040,83219.0000,,0.3700,21984.0000,50112.0000,485.0000,23696.0000,6313.0000,A
004503,1990-03-31,1990,1,INDL,C,D,STD,XOM,USD,1990Q1,1990Q1,16158.0000,82285.0000,,1.0100,20994.0000,51746.0000,1280.0000,24127.0000,1296.0000,A
004503,1990-06-30,1990,2,INDL,C,D,STD,XOM,USD,1990Q2,1990Q2,15697.0000,82608.0000,,0.8700,20726.0000,51376.0000,1100.0000,23444.0000,2799.0000,A
004503,1990-09-30,1990,3,INDL,C,D,STD,XOM,USD,1990Q3,1990Q3,17309.0000,86157.0000,,0.8500,23290.0000,53902.0000,1075.0000,26086.0000,4417.0000,A
004503,1990-12-31,1990,4,INDL,C,D,STD,XOM,USD,1990Q4,1990Q4,18336.0000,87707.0000,,1.2300,24025.0000,51702.0000,1555.0000,31862.0000,6548.0000,A
004503,1991-03-31,1991,1,INDL,C,D,STD,XOM,USD,1991Q1,1991Q1,16843.0000,83661.0000,,1.7800,19991.0000,50624.0000,2240.0000,27237.0000,1513.0000,A
004503,1991-06-30,1991,2,INDL,C,D,STD,XOM,USD,1991Q2,1991Q2,15511.0000,81744.0000,,0.9000,18463.0000,48945.0000,1125.0000,24251.0000,3159.0000,A
004503,1991-09-30,1991,3,INDL,C,D,STD,XOM,USD,1991Q3,1991Q3,16168.0000,84593.0000,,0.8800,19350.0000,50705.0000,1115.0000,24238.0000,4985.0000,A
004503,1991-12-31,1991,4,INDL,C,D,STD,XOM,USD,1991Q4,1991Q4,17012.0000,87560.0000,,0.8900,20854.0000,49666.0000,1120.0000,27121.0000,7324.0000,A
004503,1992-03-31,1992,1,INDL,C,D,STD,XOM,USD,1992Q1,1992Q1,15670.0000,84507.0000,,1.0700,18994.0000,50264.0000,1295.0000,24475.0000,1608.0000,A
004503,1992-06-30,1992,2,INDL,C,D,STD,XOM,USD,1992Q2,1992Q2,16658.0000,87218.0000,,0.7300,20418.0000,51942.0000,930.0000,24547.0000,3299.0000,A
004503,1992-09-30,1992,3,INDL,C,D,STD,XOM,USD,1992Q3,1992Q3,17136.0000,87543.0000,,0.9100,20302.0000,52203.0000,1145.0000,27241.0000,5073.0000,A
004503,1992-12-31,1992,4,INDL,C,D,STD,XOM,USD,1992Q4,1992Q4,16424.0000,85030.0000,,1.1200,19663.0000,48279.0000,1400.0000,26897.0000,7225.0000,A
004503,1993-03-31,1993,1,INDL,C,D,STD,XOM,USD,1993Q1,1993Q1,16178.0000,84735.0000,,0.9400,19047.0000,50620.0000,1185.0000,24139.0000,1298.0000,A
004503,1993-06-30,1993,2,INDL,C,D,STD,XOM,USD,1993Q2,1993Q2,16256.0000,84550.0000,,0.9800,19185.0000,50199.0000,1235.0000,24702.0000,3126.0000,A
004503,1993-09-30,1993,3,INDL,C,D,STD,XOM,USD,1993Q3,1993Q3,16228.0000,84987.0000,,1.0900,19466.0000,50339.0000,1360.0000,24455.0000,4841.0000,A
004503,1993-12-31,1993,4,INDL,C,D,STD,XOM,USD,1993Q4,1993Q4,14859.0000,84145.0000,,1.2000,18590.0000,46958.0000,1500.0000,24529.0000,6956.0000,A
004503,1994-03-31,1994,1,INDL,C,D,STD,XOM,USD,1994Q1,1994Q1,15488.0000,84654.0000,,0.9200,18414.0000,49401.0000,1160.0000,22883.0000,1328.0000,A
004503,1994-06-30,1994,2,INDL,C,D,STD,XOM,USD,1994Q2,1994Q2,15986.0000,86102.0000,,0.7000,18889.0000,50241.0000,885.0000,24246.0000,2998.0000,A
004503,1994-09-30,1994,3,INDL,C,D,STD,XOM,USD,1994Q3,1994Q3,16450.0000,87790.0000,,0.9200,19253.0000,51274.0000,1155.0000,26047.0000,4646.0000,A
004503,1994-12-31,1994,4,INDL,C,D,STD,XOM,USD,1994Q4,1994Q4,16460.0000,87862.0000,,1.5300,19493.0000,48279.0000,1900.0000,26507.0000,6643.0000,A
004503,1995-03-31,1995,1,INDL,C,D,STD,XOM,USD,1995Q1,1995Q1,18452.0000,91271.0000,,1.3300,19965.0000,52089.0000,1660.0000,26127.0000,1399.0000,A
004503,1995-06-30,1995,2,INDL,C,D,STD,XOM,USD,1995Q2,1995Q2,17986.0000,91158.0000,,1.3000,19461.0000,51159.0000,1630.0000,27846.0000,3046.0000,A
004503,1995-09-30,1995,3,INDL,C,D,STD,XOM,USD,1995Q3,1995Q3,17498.0000,90706.0000,,1.2000,18583.0000,50671.0000,1500.0000,27025.0000,4825.0000,A
004503,1995-12-31,1995,4,INDL,C,D,STD,XOM,USD,1995Q4,1995Q4,17318.0000,91296.0000,,1.3500,18736.0000,48690.0000,1680.0000,26895.0000,7128.0000,A
004503,1996-03-31,1996,1,INDL,C,D,STD,XOM,USD,1996Q1,1996Q1,18964.0000,92579.0000,,1.5100,19201.0000,51557.0000,1885.0000,27164.0000,,A
004503,1996-06-30,1996,2,INDL,C,D,STD,XOM,USD,1996Q2,1996Q2,18401.0000,92396.0000,,1.2600,18667.0000,51018.0000,1570.0000,27975.0000,,A
004503,1996-09-30,1996,3,INDL,C,D,STD,XOM,USD,1996Q3,1996Q3,18578.0000,93468.0000,,1.2500,19698.0000,51677.0000,1560.0000,29086.0000,,A
004503,1996-12-31,1996,4,INDL,C,D,STD,XOM,USD,1996Q4,1996Q4,19910.0000,95527.0000,,2.0000,19505.0000,50071.0000,2495.0000,32503.0000,7209.0000,A
004503,1997-03-31,1997,1,INDL,C,D,STD,XOM,USD,1997Q1,1997Q1,21768.0000,95647.0000,,1.7200,19129.0000,51977.0000,2175.0000,31121.0000,,A
004503,1997-06-30,1997,2,INDL,C,D,STD,XOM,USD,1997Q2,1997Q2,20794.0000,94920.0000,,0.7800,18732.0000,51105.0000,1965.0000,29990.0000,,A
004503,1997-09-30,1997,3,INDL,C,D,STD,XOM,USD,1997Q3,1997Q3,21686.0000,97123.0000,,0.7300,20250.0000,53767.0000,1820.0000,28765.0000,,A
004503,1997-12-31,1997,4,INDL,C,D,STD,XOM,USD,1997Q4,1997Q4,21192.0000,96064.0000,,1.0000,19654.0000,50033.0000,2500.0000,30403.0000,7393.0000,A
004503,1998-03-31,1998,1,INDL,C,D,STD,XOM,USD,1998Q1,1998Q1,20041.0000,94953.0000,,0.7600,18576.0000,51208.0000,1820.0000,25885.0000,1709.0000,A
004503,1998-06-30,1998,2,INDL,C,D,STD,XOM,USD,1998Q2,1998Q2,18280.0000,93216.0000,,0.6500,17532.0000,49859.0000,1620.0000,25201.0000,3744.0000,A
004503,1998-09-30,1998,3,INDL,C,D,STD,XOM,USD,1998Q3,1998Q3,18077.0000,95227.0000,,0.9200,18765.0000,51468.0000,3256.0000,56372.0000,5948.0000,A
004503,1998-12-31,1998,4,INDL,C,D,STD,XOM,USD,1998Q4,1998Q4,17593.0000,92630.0000,,0.3900,19412.0000,47073.0000,1378.0000,37243.0000,8359.0000,A
004503,1999-03-31,1999,1,INDL,C,D,STD,XOM,USD,1999Q1,1999Q1,16709.0000,90731.0000,,0.4200,18872.0000,47729.0000,1484.0000,33104.0000,1836.0000,A
004503,1999-06-30,1999,2,INDL,C,D,STD,XOM,USD,1999Q2,1999Q2,16429.0000,91235.0000,,0.5600,19710.0000,48406.0000,1954.0000,37236.0000,4082.0000,A
004503,1999-09-30,1999,3,INDL,C,D,STD,XOM,USD,1999Q3,1999Q3,18048.0000,94394.0000,,0.6200,21579.0000,50560.0000,2188.0000,43024.0000,5775.0000,A
004503,1999-12-31,1999,4,INDL,C,D,STD,XOM,USD,1999Q4,1999Q4,31141.0000,144521.0000,,0.6500,38733.0000,77367.0000,2284.0000,47519.0000,10849.0000,A
004503,2000-03-31,2000,1,INDL,C,D,STD,XOM,USD,2000Q1,2000Q1,32380.0000,143238.0000,,0.8600,37221.0000,78633.0000,3480.0000,47780.0000,1769.0000,A
004503,2000-06-30,2000,2,INDL,C,D,STD,XOM,USD,2000Q2,2000Q2,37051.0000,146618.0000,,1.1300,38592.0000,79682.0000,4530.0000,49479.0000,3801.0000,A
004503,2000-09-30,2000,3,INDL,C,D,STD,XOM,USD,2000Q3,2000Q3,39449.0000,148252.0000,,1.1500,39775.0000,80141.0000,4490.0000,52178.0000,5836.0000,A
004503,2000-12-31,2000,4,INDL,C,D,STD,XOM,USD,2000Q4,2000Q4,40399.0000,149000.0000,,1.4000,38191.0000,75013.0000,5220.0000,56646.0000,8446.0000,A
004503,2001-03-31,2001,1,INDL,C,D,STD,XOM,USD,2001Q1,2001Q1,42527.0000,148786.0000,,1.4200,37361.0000,76897.0000,5000.0000,50782.0000,2028.0000,A
004503,2001-06-30,2001,2,INDL,C,D,STD,XOM,USD,2001Q2,2001Q2,41322.0000,147660.0000,,1.2600,35614.0000,74686.0000,4460.0000,49875.0000,4370.0000,A
004503,2001-09-30,2001,3,INDL,C,D,STD,XOM,USD,2001Q3,2001Q3,40327.0000,147904.0000,,0.4600,34565.0000,74079.0000,3180.0000,45816.0000,6863.0000,A
004503,2001-12-31,2001,4,INDL,C,D,STD,XOM,USD,2001Q4,2001Q4,35681.0000,143174.0000,,0.3900,30114.0000,67188.0000,2680.0000,41037.0000,9989.0000,A
004503,2002-03-31,2002,1,INDL,C,D,STD,XOM,USD,2002Q1,2002Q1,35455.0000,142037.0000,,0.3000,30178.0000,69670.0000,2090.0000,37801.0000,2426.0000,A
004503,2002-06-30,2002,2,INDL,C,D,STD,XOM,USD,2002Q2,2002Q2,36137.0000,148232.0000,,0.3800,31242.0000,73114.0000,2640.0000,44322.0000,5263.0000,A
004503,2002-09-30,2002,3,INDL,C,D,STD,XOM,USD,2002Q3,2002Q3,36543.0000,149473.0000,,0.3900,33059.0000,74783.0000,2640.0000,47411.0000,8147.0000,A
004503,2002-12-31,2002,4,INDL,C,D,STD,XOM,USD,2002Q4,2002Q4,38291.0000,152644.0000,,0.5400,33175.0000,75279.0000,4090.0000,49375.0000,11437.0000,A
004503,2003-03-31,2003,1,INDL,C,D,STD,XOM,USD,2003Q1,2003Q1,45474.0000,162495.0000,,0.9700,37652.0000,82910.0000,7040.0000,54357.0000,2938.0000,A
004503,2003-06-30,2003,2,INDL,C,D,STD,XOM,USD,2003Q2,2003Q2,44066.0000,165103.0000,,0.6200,36648.0000,82522.0000,4170.0000,50271.0000,6232.0000,A
004503,2003-09-30,2003,3,INDL,C,D,STD,XOM,USD,2003Q3,2003Q3,42958.0000,166987.0000,,0.5500,38641.0000,83223.0000,3650.0000,52860.0000,9305.0000,A
004503,2003-12-31,2003,4,INDL,C,D,STD,XOM,USD,2003Q4,2003Q4,45960.0000,174278.0000,,1.0100,38386.0000,80981.0000,6650.0000,55711.0000,12859.0000,A
004503,2004-03-31,2004,1,INDL,C,D,STD,XOM,USD,2004Q1,2004Q1,52475.0000,180202.0000,,0.8300,41955.0000,88521.0000,5440.0000,59644.0000,2810.0000,A
004503,2004-06-30,2004,2,INDL,C,D,STD,XOM,USD,2004Q2,2004Q2,54250.0000,180989.0000,,0.8800,41248.0000,87454.0000,5790.0000,62706.0000,5742.0000,A
004503,2004-09-30,2004,3,INDL,C,D,STD,XOM,USD,2004Q3,2004Q3,57935.0000,187433.0000,,0.8800,44195.0000,91991.0000,5680.0000,67809.0000,8579.0000,A
004503,2004-12-31,2004,4,INDL,C,D,STD,XOM,USD,2004Q4,2004Q4,60377.0000,195256.0000,,1.3000,42981.0000,89548.0000,8420.0000,73830.0000,11986.0000,A
004503,2005-03-31,2005,1,INDL,C,D,STD,XOM,USD,2005Q1,2005Q1,68590.0000,201252.0000,,1.2200,47757.0000,97554.0000,7860.0000,72237.0000,2713.0000,A
004503,2005-06-30,2005,2,INDL,C,D,STD,XOM,USD,2005Q2,2005Q2,69630.0000,201816.0000,,1.2000,46629.0000,97220.0000,7640.0000,79107.0000,6448.0000,A
004503,2005-09-30,2005,3,INDL,C,D,STD,XOM,USD,2005Q3,2005Q3,74730.0000,209721.0000,,1.5800,50875.0000,101831.0000,9920.0000,88571.0000,9940.0000,A
004503,2005-12-31,2005,4,INDL,C,D,STD,XOM,USD,2005Q4,2005Q4,73342.0000,208335.0000,,1.7100,46307.0000,93622.0000,10710.0000,88298.0000,13839.0000,A
004503,2006-03-31,2006,1,INDL,C,D,STD,XOM,USD,2006Q1,2006Q1,78474.0000,216002.0000,,1.3700,51434.0000,103539.0000,8400.0000,78653.0000,3730.0000,A
004503,2006-06-30,2006,2,INDL,C,D,STD,XOM,USD,2006Q2,2006Q2,80658.0000,221010.0000,,1.7200,51554.0000,105246.0000,10360.0000,87813.0000,7586.0000,A
004503,2006-09-30,2006,3,INDL,C,D,STD,XOM,USD,2006Q3,2006Q3,81753.0000,223947.0000,,1.7700,54804.0000,107354.0000,10490.0000,88504.0000,11301.0000,A
004503,2006-12-31,2006,4,INDL,C,D,STD,XOM,USD,2006Q4,2006Q4,75777.0000,219015.0000,,1.7600,48817.0000,101367.0000,10250.0000,80116.0000,15462.0000,A
004503,2007-03-31,2007,1,INDL,C,D,STD,XOM,USD,2007Q1,2007Q1,78065.0000,223299.0000,29994.0000,1.6200,50590.0000,109189.0000,9280.0000,76890.0000,3106.0000,A
004503,2007-06-30,2007,2,INDL,C,D,STD,XOM,USD,2007Q2,2007Q2,80720.0000,228315.0000,28959.0000,1.8300,51916.0000,111965.0000,10260.0000,87249.0000,6892.0000,A
004503,2007-09-30,2007,3,INDL,C,D,STD,XOM,USD,2007Q3,2007Q3,85247.0000,236661.0000,31423.0000,1.7000,55920.0000,118058.0000,9410.0000,91160.0000,10827.0000,A
004503,2007-12-31,2007,4,INDL,C,D,STD,XOM,USD,2007Q4,2007Q4,85963.0000,242082.0000,33981.0000,2.1300,58312.0000,116038.0000,11660.0000,103301.0000,15387.0000,A
004503,2008-03-31,2008,1,INDL,C,D,STD,XOM,USD,2008Q1,2008Q1,97758.0000,258202.0000,40913.0000,2.0300,70983.0000,135063.0000,10890.0000,104791.0000,3979.0000,A
004503,2008-06-30,2008,2,INDL,C,D,STD,XOM,USD,2008Q2,2008Q2,103982.0000,266758.0000,38968.0000,2.2200,77233.0000,141932.0000,11680.0000,124238.0000,8851.0000,A
004503,2008-09-30,2008,3,INDL,C,D,STD,XOM,USD,2008Q3,2008Q3,96021.0000,256218.0000,36674.0000,2.8500,67631.0000,130932.0000,14830.0000,122758.0000,13993.0000,A
004503,2008-12-31,2008,4,INDL,C,D,STD,XOM,USD,2008Q4,2008Q4,72266.0000,228052.0000,31437.0000,1.5400,49100.0000,110529.0000,7820.0000,73284.0000,19318.0000,A
004503,2009-03-31,2009,1,INDL,C,D,STD,XOM,USD,2009Q1,2009Q1,64818.0000,222491.0000,24972.0000,0.9200,49505.0000,111113.0000,4550.0000,56222.0000,4673.0000,A
004503,2009-06-30,2009,2,INDL,C,D,STD,XOM,USD,2009Q2,2009Q2,59496.0000,224661.0000,15576.0000,0.8100,51614.0000,113508.0000,3950.0000,65951.0000,10238.0000,A
004503,2009-09-30,2009,3,INDL,C,D,STD,XOM,USD,2009Q3,2009Q3,57324.0000,229307.0000,12472.0000,0.9800,52933.0000,117202.0000,4730.0000,73285.0000,15728.0000,A
004503,2009-12-31,2009,4,INDL,C,D,STD,XOM,USD,2009Q4,2009Q4,55235.0000,233323.0000,10693.0000,1.2700,52061.0000,117931.0000,6050.0000,80106.0000,22491.0000,A
004503,2010-03-31,2010,1,INDL,C,D,STD,XOM,USD,2010Q1,2010Q1,61696.0000,242748.0000,13742.0000,1.3300,57744.0000,125082.0000,6300.0000,80222.0000,5756.0000,A
004503,2010-06-30,2010,2,INDL,C,D,STD,XOM,USD,2010Q2,2010Q2,62216.0000,291068.0000,13252.0000,1.6000,57821.0000,145701.0000,7560.0000,82747.0000,11400.0000,A
004503,2010-09-30,2010,3,INDL,C,D,STD,XOM,USD,2010Q3,2010Q3,62633.0000,299994.0000,12244.0000,1.4400,61740.0000,149394.0000,7350.0000,85181.0000,19201.0000,A
004503,2010-12-31,2010,4,INDL,C,D,STD,XOM,USD,2010Q4,2010Q4,58984.0000,302510.0000,7825.0000,1.8500,62633.0000,149831.0000,9250.0000,93428.0000,26871.0000,A
004503,2011-03-31,2011,1,INDL,C,D,STD,XOM,USD,2011Q1,2011Q1,72022.0000,319533.0000,12833.0000,2.1400,73576.0000,162002.0000,10650.0000,101335.0000,7051.0000,A
004503,2011-06-30,2011,2,INDL,C,D,STD,XOM,USD,2011Q2,2011Q2,72305.0000,326204.0000,8287.0000,2.1800,74533.0000,164369.0000,10680.0000,112781.0000,14863.0000,A
004503,2011-09-30,2011,3,INDL,C,D,STD,XOM,USD,2011Q3,2011Q3,69376.0000,323227.0000,11022.0000,2.1300,74971.0000,161015.0000,10330.0000,111991.0000,22341.0000,A
004503,2011-12-31,2011,4,INDL,C,D,STD,XOM,USD,2011Q4,2011Q4,72963.0000,331052.0000,12664.0000,1.9700,77505.0000,170308.0000,9400.0000,107419.0000,30975.0000,A
004503,2012-03-31,2012,1,INDL,C,D,STD,XOM,USD,2012Q1,2012Q1,76160.0000,345152.0000,18670.0000,2.0000,79994.0000,181035.0000,9450.0000,110696.0000,7843.0000,A
004503,2012-06-30,2012,2,INDL,C,D,STD,XOM,USD,2012Q2,2012Q2,72797.0000,329645.0000,17802.0000,3.4100,70136.0000,161660.0000,15910.0000,104143.0000,16188.0000,A
004503,2012-09-30,2012,3,INDL,C,D,STD,XOM,USD,2012Q3,2012Q3,72138.0000,335191.0000,13055.0000,2.0900,70061.0000,162836.0000,9570.0000,102852.0000,24214.0000,A
004503,2012-12-31,2012,4,INDL,C,D,STD,XOM,USD,2012Q4,2012Q4,64460.0000,333795.0000,9582.0000,2.2000,64139.0000,162135.0000,9950.0000,101409.0000,34271.0000,A
004503,2013-03-31,2013,1,INDL,C,D,STD,XOM,USD,2013Q1,2013Q1,62594.0000,339639.0000,6214.0000,2.1200,70084.0000,166562.0000,9500.0000,95886.0000,7494.0000,A
004503,2013-06-30,2013,2,INDL,C,D,STD,XOM,USD,2013Q2,2013Q2,62844.0000,341615.0000,4609.0000,1.5500,72688.0000,170027.0000,6860.0000,95498.0000,16145.0000,A
004503,2013-09-30,2013,3,INDL,C,D,STD,XOM,USD,2013Q3,2013Q3,61303.0000,347564.0000,5310.0000,1.7900,72749.0000,172086.0000,7870.0000,100508.0000,25243.0000,A
004503,2013-12-31,2013,4,INDL,C,D,STD,XOM,USD,2013Q4,2013Q4,59308.0000,346808.0000,4644.0000,1.9100,71724.0000,166313.0000,8350.0000,98355.0000,33669.0000,A
004503,2014-03-31,2014,1,INDL,C,D,STD,XOM,USD,2014Q1,2014Q1,61864.0000,353033.0000,5601.0000,2.1000,70108.0000,170142.0000,9100.0000,93896.0000,7328.0000,A
004503,2014-06-30,2014,2,INDL,C,D,STD,XOM,USD,2014Q2,2014Q2,64013.0000,358586.0000,6083.0000,2.0500,69529.0000,170455.0000,8780.0000,97848.0000,15870.0000,A
004503,2014-09-30,2014,3,INDL,C,D,STD,XOM,USD,2014Q3,2014Q3,58595.0000,352764.0000,4962.0000,1.8900,65984.0000,165269.0000,8070.0000,95687.0000,24068.0000,A
004503,2014-12-31,2014,4,INDL,C,D,STD,XOM,USD,2014Q4,2014Q4,52910.0000,349493.0000,4616.0000,1.5600,64633.0000,168429.0000,6570.0000,77332.0000,32952.0000,A
004503,2015-03-31,2015,1,INDL,C,D,STD,XOM,USD,2015Q1,2015Q1,50658.0000,342961.0000,5184.0000,1.1700,55933.0000,165515.0000,4940.0000,59228.0000,6844.0000,A
004503,2015-06-30,2015,2,INDL,C,D,STD,XOM,USD,2015Q2,2015Q2,51647.0000,348260.0000,4343.0000,1.0000,58372.0000,169262.0000,4190.0000,65395.0000,13953.0000,A
004503,2015-09-30,2015,3,INDL,C,D,STD,XOM,USD,2015Q3,2015Q3,47234.0000,340662.0000,4296.0000,1.0100,54828.0000,163823.0000,4240.0000,59866.0000,20354.0000,A
004503,2015-12-31,2015,4,INDL,C,D,STD,XOM,USD,2015Q4,2015Q4,42623.0000,336758.0000,3705.0000,0.6700,53976.0000,159948.0000,2780.0000,52321.0000,26490.0000,A
004503,2016-03-31,2016,1,INDL,C,D,STD,XOM,USD,2016Q1,2016Q1,44251.0000,342789.0000,4846.0000,0.4300,48726.0000,164291.0000,1810.0000,42290.0000,4601.0000,A
004503,2016-06-30,2016,2,INDL,C,D,STD,XOM,USD,2016Q2,2016Q2,45828.0000,342473.0000,4358.0000,0.4100,51504.0000,165598.0000,1700.0000,50925.0000,8872.0000,A
004503,2016-09-30,2016,3,INDL,C,D,STD,XOM,USD,2016Q3,2016Q3,42945.0000,339386.0000,5093.0000,0.6300,50021.0000,162376.0000,2650.0000,51330.0000,12276.0000,A
004503,2016-12-31,2016,4,INDL,C,D,STD,XOM,USD,2016Q4,2016Q4,41416.0000,330314.0000,3657.0000,0.4100,47638.0000,156484.0000,1680.0000,52973.0000,16163.0000,A
004503,2017-03-31,2017,1,INDL,C,D,STD,XOM,USD,2017Q1,2017Q1,43131.0000,344209.0000,4897.0000,0.9500,53374.0000,160438.0000,4010.0000,56474.0000,2890.0000,A
004503,2017-06-30,2017,2,INDL,C,D,STD,XOM,USD,2017Q2,2017Q2,42180.0000,343012.0000,4042.0000,0.7800,50949.0000,157174.0000,3350.0000,56026.0000,5988.0000,A
004503,2017-09-30,2017,3,INDL,C,D,STD,XOM,USD,2017Q3,2017Q3,45752.0000,349427.0000,4266.0000,0.9300,53777.0000,160229.0000,3970.0000,59350.0000,10901.0000,A
004503,2017-12-31,2017,4,INDL,C,D,STD,XOM,USD,2017Q4,2017Q4,47134.0000,348691.0000,3177.0000,1.9700,57771.0000,154191.0000,8380.0000,65312.0000,15402.0000,A
004503,2018-03-31,2018,1,INDL,C,D,STD,XOM,USD,2018Q1,2018Q1,48315.0000,348826.0000,4125.0000,1.0900,60306.0000,153915.0000,4650.0000,65436.0000,3349.0000,A
004503,2018-06-30,2018,2,INDL,C,D,STD,XOM,USD,2018Q2,2018Q2,50555.0000,348790.0000,3430.0000,0.9200,62447.0000,155257.0000,3950.0000,71456.0000,8276.0000,A
004503,2018-09-30,2018,3,INDL,C,D,STD,XOM,USD,2018Q3,2018Q3,53975.0000,354628.0000,5669.0000,1.4600,65288.0000,157797.0000,6240.0000,74187.0000,13480.0000,A
004503,2018-12-31,2018,4,INDL,C,D,STD,XOM,USD,2018Q4,2018Q4,47973.0000,346196.0000,3042.0000,1.4100,57138.0000,147668.0000,6000.0000,68253.0000,19574.0000,A
004503,2019-03-31,2019,1,INDL,C,D,STD,XOM,USD,2019Q1,2019Q1,51576.0000,356189.0000,4586.0000,0.5500,66632.0000,158168.0000,2350.0000,61646.0000,5199.0000,A
004503,2019-06-30,2019,2,INDL,C,D,STD,XOM,USD,2019Q2,2019Q2,51743.0000,360729.0000,4213.0000,0.7300,70287.0000,162264.0000,3130.0000,67491.0000,11372.0000,A
004503,2019-09-30,2019,3,INDL,C,D,STD,XOM,USD,2019Q3,2019Q3,50008.0000,359361.0000,5351.0000,0.7500,64195.0000,162252.0000,3170.0000,63422.0000,17657.0000,A
004503,2019-12-31,2019,4,INDL,C,D,STD,XOM,USD,2019Q4,2019Q4,50052.0000,362597.0000,3089.0000,1.3300,63989.0000,163659.0000,5690.0000,63024.0000,24361.0000,A
004503,2020-03-31,2020,1,INDL,C,D,STD,XOM,USD,2020Q1,2020Q1,50249.0000,355804.0000,11412.0000,-0.1400,64773.0000,167061.0000,-610.0000,55134.0000,5945.0000,A
004503,2020-06-30,2020,2,INDL,C,D,STD,XOM,USD,2020Q2,2020Q2,53016.0000,361495.0000,12576.0000,-0.2600,57270.0000,174342.0000,-1080.0000,32277.0000,10362.0000,A
004503,2020-09-30,2020,3,INDL,C,D,STD,XOM,USD,2020Q3,2020Q3,48693.0000,358043.0000,8832.0000,-0.1500,56468.0000,173431.0000,-680.0000,45425.0000,13653.0000,A
004503,2020-12-31,2020,4,INDL,C,D,STD,XOM,USD,2020Q4,2020Q4,44893.0000,332750.0000,4364.0000,-4.7000,56363.0000,168620.0000,-20070.0000,45738.0000,17282.0000,A
004503,2021-03-31,2021,1,INDL,C,D,STD,XOM,USD,2021Q1,2021Q1,48195.0000,333770.0000,3515.0000,0.6400,60150.0000,169669.0000,2730.0000,57552.0000,2400.0000,A
004503,2021-06-30,2021,2,INDL,C,D,STD,XOM,USD,2021Q2,2021Q2,52842.0000,337289.0000,3465.0000,1.1000,62238.0000,171733.0000,4690.0000,65943.0000,5147.0000,A
004503,2021-09-30,2021,3,INDL,C,D,STD,XOM,USD,2021Q3,2021Q3,55555.0000,336688.0000,4768.0000,1.5700,61856.0000,169182.0000,6750.0000,71892.0000,7987.0000,A
004503,2021-12-31,2021,4,INDL,C,D,STD,XOM,USD,2021Q4,2021Q4,59154.0000,338923.0000,6802.0000,2.0800,56643.0000,163240.0000,8870.0000,81305.0000,12076.0000,A
004503,2022-03-31,2022,1,INDL,C,D,STD,XOM,USD,2022Q1,2022Q1,77255.0000,354771.0000,11074.0000,1.2800,72059.0000,178245.0000,5480.0000,87734.0000,3911.0000,A
004503,2022-06-30,2022,2,INDL,C,D,STD,XOM,USD,2022Q2,2022Q2,93163.0000,367774.0000,18861.0000,4.2100,80110.0000,183266.0000,17850.0000,111265.0000,7748.0000,A
004503,2022-09-30,2022,3,INDL,C,D,STD,XOM,USD,2022Q3,2022Q3,99289.0000,370152.0000,30407.0000,4.6800,74057.0000,177109.0000,19660.0000,106512.0000,12624.0000,A
004503,2022-12-31,2022,4,INDL,C,D,STD,XOM,USD,2022Q4,2022Q4,97631.0000,369067.0000,29640.0000,3.0900,69045.0000,166594.0000,12750.0000,93164.0000,18407.0000,A
004503,2023-03-31,2023,1,INDL,C,D,STD,XOM,USD,2023Q1,2023Q1,97224.0000,369371.0000,32651.0000,2.7900,66666.0000,162957.0000,11430.0000,83644.0000,5412.0000,A
004503,2023-06-30,2023,2,INDL,C,D,STD,XOM,USD,2023Q2,2023Q2,91760.0000,363248.0000,29528.0000,1.9400,61815.0000,156251.0000,7880.0000,80795.0000,10771.0000,A
004503,2023-09-30,2023,3,INDL,C,D,STD,XOM,USD,2023Q3,2023Q3,101142.0000,372259.0000,32944.0000,2.2500,71186.0000,164726.0000,9070.0000,88570.0000,15691.0000,A
004503,2023-12-31,2023,4,INDL,C,D,STD,XOM,USD,2023Q4,2023Q4,96609.0000,376317.0000,31539.0000,1.9100,65316.0000,163779.0000,7630.0000,81688.0000,21919.0000,A
004503,2024-03-31,2024,1,INDL,C,D,STD,XOM,USD,2024Q1,2024Q1,99377.0000,377918.0000,33320.0000,2.0600,71921.0000,164866.0000,8220.0000,80411.0000,5074.0000,A
004503,2024-06-30,2024,2,INDL,C,D,STD,XOM,USD,2024Q2,2024Q2,96238.0000,460707.0000,26460.0000,2.1400,70763.0000,184441.0000,9240.0000,89986.0000,11309.0000,A
004503,2024-09-30,2024,3,INDL,C,D,STD,XOM,USD,2024Q3,2024Q3,94349.0000,461916.0000,26926.0000,1.9200,69993.0000,185516.0000,8610.0000,87792.0000,17469.0000,A
004503,2024-12-31,2024,4,INDL,C,D,STD,XOM,USD,2024Q4,2024Q4,91990.0000,453475.0000,23029.0000,1.7200,70307.0000,182869.0000,7610.0000,81058.0000,24306.0000,A
